time (ms), rss (MB),arrayBuffers,external,heapTotal,heapUsed
203, 21.614592, 0.089274, 1.322194, 8.626176, 4.352032
417, 21.909504, 0.089274, 1.322234, 8.892416, 4.620512
617, 21.9136, 0.089274, 1.322234, 8.892416, 4.622688
818, 21.9136, 0.089274, 1.322234, 8.892416, 4.6262
1019, 21.917696, 0.089274, 1.322234, 8.892416, 4.628336
1230, 21.917696, 0.089274, 1.322234, 8.892416, 4.630424
1430, 21.921792, 0.089274, 1.322234, 8.892416, 4.63436
1631, 21.925888, 0.089274, 1.322234, 8.892416, 4.636416
1832, 21.925888, 0.089274, 1.322234, 8.892416, 4.638248
2034, 21.929984, 0.089274, 1.322234, 8.892416, 4.640304
2233, 21.929984, 0.089274, 1.322234, 8.892416, 4.642168
2435, 21.93408, 0.089274, 1.322234, 8.892416, 4.6442
2636, 21.93408, 0.089274, 1.322234, 8.892416, 4.64604
2854, 21.93408, 0.089274, 1.322234, 8.892416, 4.64848
3055, 21.938176, 0.089274, 1.322234, 8.892416, 4.650952
3256, 21.942272, 0.089274, 1.322234, 8.892416, 4.652984
3457, 21.946368, 0.089274, 1.322234, 8.892416, 4.654832
3658, 21.946368, 0.089274, 1.322234, 8.892416, 4.656928
3866, 21.950464, 0.089274, 1.322234, 8.892416, 4.658952
4066, 21.950464, 0.089274, 1.322234, 8.892416, 4.6608
4275, 21.950464, 0.089274, 1.322234, 8.892416, 4.662616
4476, 21.95456, 0.089274, 1.322234, 8.892416, 4.664608
4694, 21.95456, 0.089274, 1.322234, 8.892416, 4.666448
4895, 21.958656, 0.089274, 1.322234, 8.892416, 4.668264
5096, 21.958656, 0.089274, 1.322234, 8.892416, 4.670112
5298, 21.962752, 0.089274, 1.322234, 8.892416, 4.672024
5498, 21.962752, 0.089274, 1.322234, 8.892416, 4.673872
5699, 21.962752, 0.089274, 1.322234, 8.892416, 4.67576
5935, 21.966848, 0.089274, 1.322234, 8.892416, 4.677576
6139, 21.966848, 0.089274, 1.322234, 8.892416, 4.679424
6340, 21.970944, 0.089274, 1.322234, 8.892416, 4.68124
6541, 21.970944, 0.089274, 1.322234, 8.892416, 4.683224
6765, 21.97504, 0.089274, 1.322234, 8.892416, 4.68512
6966, 21.97504, 0.089274, 1.322234, 8.892416, 4.686992
7167, 21.97504, 0.089274, 1.322234, 8.892416, 4.688808
7369, 21.979136, 0.089274, 1.322234, 8.892416, 4.690624
7568, 21.979136, 0.089274, 1.322234, 8.892416, 4.692568
7770, 21.983232, 0.089274, 1.322234, 8.892416, 4.694464
7971, 21.983232, 0.089274, 1.322234, 8.892416, 4.696344
8189, 20.76672, 0.017574, 1.241748, 5.2224, 3.143376
8390, 20.783104, 0.017574, 1.241748, 5.2224, 3.143672
8592, 20.783104, 0.017574, 1.241748, 5.2224, 3.14552
8794, 20.615168, 0.017574, 1.241748, 5.484544, 3.065176
8993, 19.574784, 0.017574, 1.241748, 5.484544, 3.067384
9196, 25.57952, 5.260598, 6.484772, 5.484544, 3.31884
9396, 31.346688, 11.552204, 12.776372, 5.484544, 3.494864
9597, 32.108544, 11.552204, 12.776372, 5.484544, 3.513312
9800, 32.141312, 11.552204, 12.776372, 5.484544, 3.540856
10013, 34.28352, 13.649356, 14.873524, 5.484544, 3.58324
10228, 34.295808, 13.649356, 14.873524, 5.484544, 3.596472
10447, 41.750528, 22.037958, 23.262132, 5.484544, 3.674424
10647, 59.830272, 39.86375, 41.087924, 5.484544, 3.808344
10864, 67.211264, 46.155212, 47.37938, 5.484544, 3.873824
11149, 68.292608, 48.252364, 49.476532, 5.484544, 3.899088
11351, 69.353472, 48.252364, 49.476532, 5.484544, 3.914752
11555, 69.382144, 48.252364, 49.476532, 5.484544, 3.938784
11792, 69.394432, 48.252364, 49.476532, 5.484544, 3.951784
11991, 72.597504, 51.398092, 52.62226, 5.484544, 3.99556
12202, 72.62208, 51.398092, 52.62226, 5.484544, 4.019728
12411, 72.798208, 51.398092, 52.62226, 5.484544, 4.049424
12612, 72.84736, 51.398092, 52.62226, 5.484544, 4.0732
12813, 72.871936, 51.398092, 52.62226, 5.484544, 4.09696
13014, 75.010048, 53.495244, 54.719412, 5.484544, 4.133608
13215, 75.034624, 53.495244, 54.719412, 5.484544, 4.158832
13416, 75.0592, 53.495244, 54.719412, 5.484544, 4.182608
13617, 75.07968, 53.495244, 54.719412, 5.484544, 4.206376
13818, 75.104256, 53.495244, 54.719412, 5.484544, 4.23024
14019, 78.311424, 56.640972, 57.86514, 5.484544, 4.27428
14236, 78.336, 56.640972, 57.86514, 5.484544, 4.298144
14437, 78.35648, 56.640972, 57.86514, 5.484544, 4.321936
14645, 80.498688, 58.738124, 59.962292, 5.484544, 4.35944
14845, 22.695936, 2.114732, 3.3389, 5.484544, 3.382664
15056, 22.716416, 2.114732, 3.3389, 5.484544, 3.406512
15257, 22.740992, 2.114732, 3.3389, 5.484544, 3.430312
15481, 22.765568, 2.114732, 3.3389, 5.484544, 3.453896
15678, 25.808896, 5.26046, 6.484628, 5.484544, 3.48592
15885, 25.833472, 5.26046, 6.484628, 5.484544, 3.510736
16086, 25.858048, 5.26046, 6.484628, 5.484544, 3.534504
16288, 25.88672, 5.26046, 6.484628, 5.484544, 3.558272
16489, 25.911296, 5.26046, 6.484628, 5.484544, 3.582032
16690, 28.041216, 7.357612, 8.58178, 5.484544, 3.619848
16914, 28.061696, 7.357612, 8.58178, 5.484544, 3.643664
17114, 28.086272, 7.357612, 8.58178, 5.484544, 3.667432
17316, 28.110848, 7.357612, 8.58178, 5.484544, 3.6912
17517, 28.135424, 7.357612, 8.58178, 5.484544, 3.714968
17717, 30.26944, 9.454764, 10.678932, 5.484544, 3.752864
17927, 30.28992, 9.454764, 10.678932, 5.484544, 3.77672
18128, 30.306304, 9.454764, 10.678932, 5.484544, 3.7896
18329, 33.497088, 12.608684, 13.832852, 5.484544, 3.833536
18529, 33.521664, 12.608684, 13.832852, 5.484544, 3.857408
18729, 30.830592, 2.114732, 3.3389, 5.484544, 3.399392
18930, 30.941184, 2.114732, 3.3389, 5.484544, 3.478712
19135, 30.96576, 2.114732, 3.3389, 5.484544, 3.502512
19335, 30.932992, 2.114732, 3.3389, 5.484544, 3.268696
19536, 30.957568, 2.114732, 3.3389, 5.484544, 3.292728
19744, 30.998528, 4.211884, 5.436052, 5.484544, 3.330392
19945, 31.023104, 4.211884, 5.436052, 5.484544, 3.354032
20147, 31.035392, 4.211884, 5.436052, 5.484544, 3.366856
20347, 31.080448, 7.357612, 8.58178, 5.484544, 3.410416
20551, 31.100928, 7.357612, 8.58178, 5.484544, 3.434264
20752, 31.125504, 7.357612, 8.58178, 5.484544, 3.458088
20979, 31.15008, 7.357612, 8.58178, 5.484544, 3.481888
21180, 31.174656, 7.357612, 8.58178, 5.484544, 3.50568
21383, 31.19104, 7.357612, 8.58178, 5.484544, 3.529496
21597, 31.227904, 9.454764, 10.678932, 5.484544, 3.56692
21797, 31.25248, 9.454764, 10.678932, 5.484544, 3.590776
22008, 31.277056, 9.454764, 10.678932, 5.484544, 3.614328
22216, 31.289344, 9.454764, 10.678932, 5.484544, 3.627136
22415, 31.31392, 9.454764, 10.678932, 5.484544, 3.650848
22618, 31.3344, 9.454764, 10.678932, 5.484544, 3.674616
22819, 33.476608, 12.600492, 13.82466, 5.484544, 3.71848
23019, 33.501184, 12.600492, 13.82466, 5.484544, 3.742344
23220, 33.521664, 12.600492, 13.82466, 5.484544, 3.766152
23421, 33.542144, 12.600492, 13.82466, 5.484544, 3.789984
23621, 33.56672, 12.600492, 13.82466, 5.484544, 3.813792
23848, 33.591296, 12.600492, 13.82466, 5.484544, 3.837592
24048, 35.725312, 14.697644, 15.921812, 5.484544, 3.875064
24249, 35.749888, 14.697644, 15.921812, 5.484544, 3.898936
24450, 35.770368, 14.697644, 15.921812, 5.484544, 3.922744
24651, 38.961152, 17.843372, 19.06754, 5.484544, 3.966424
24860, 38.985728, 17.843372, 19.06754, 5.484544, 3.990288
25060, 39.006208, 17.843372, 19.06754, 5.484544, 4.014096
25263, 39.030784, 17.843372, 19.06754, 5.484544, 4.037904
25464, 39.051264, 17.843372, 19.06754, 5.484544, 4.061712
25665, 39.07584, 17.843372, 19.06754, 5.484544, 4.08552
25867, 41.209856, 19.940524, 21.164692, 5.484544, 4.123088
26068, 41.230336, 19.940524, 21.164692, 5.484544, 4.146712
26269, 41.242624, 19.940524, 21.164692, 5.484544, 4.15952
26470, 41.2672, 19.940524, 21.164692, 5.484544, 4.183232
26670, 41.295872, 19.940524, 21.164692, 5.484544, 4.207
26872, 41.320448, 19.940524, 21.164692, 5.484544, 4.230792
27073, 43.450368, 22.037676, 23.261844, 5.484544, 4.267144
27274, 43.47904, 22.037676, 23.261844, 5.484544, 4.291984
27478, 42.487808, 4.211884, 5.436052, 5.484544, 3.301744
27679, 42.512384, 4.211884, 5.436052, 5.484544, 3.32552
27879, 42.55744, 7.357612, 8.58178, 5.484544, 3.369224
28110, 42.57792, 7.357612, 8.58178, 5.484544, 3.393016
28313, 42.602496, 7.357612, 8.58178, 5.484544, 3.416808
28514, 42.627072, 7.357612, 8.58178, 5.484544, 3.440608
28715, 42.651648, 7.357612, 8.58178, 5.484544, 3.464408
28925, 42.672128, 7.357612, 8.58178, 5.484544, 3.488208
29134, 42.708992, 9.454764, 10.678932, 5.484544, 3.5256
29335, 42.729472, 9.454764, 10.678932, 5.484544, 3.5494
29535, 42.74176, 9.454764, 10.678932, 5.484544, 3.562264
29735, 42.766336, 9.454764, 10.678932, 5.484544, 3.586064
29945, 42.811392, 12.600492, 13.82466, 5.484544, 3.62968
30169, 42.831872, 12.600492, 13.82466, 5.484544, 3.653272
30369, 42.848256, 12.600492, 13.82466, 5.484544, 3.666096
30576, 42.872832, 12.600492, 13.82466, 5.484544, 3.689904
30777, 42.897408, 12.600492, 13.82466, 5.484544, 3.713736
30978, 42.934272, 14.697644, 15.921812, 5.484544, 3.751136
31177, 42.975232, 17.843372, 19.06754, 5.484544, 3.794872
31395, 42.995712, 17.843372, 19.06754, 5.484544, 3.818616
31597, 43.020288, 17.843372, 19.06754, 5.484544, 3.84236
31798, 43.032576, 17.843372, 19.06754, 5.484544, 3.855208
31999, 43.057152, 17.843372, 19.06754, 5.484544, 3.878888
32199, 43.081728, 17.843372, 19.06754, 5.484544, 3.902632
32399, 43.102208, 17.843372, 19.06754, 5.484544, 3.926376
32604, 43.126784, 17.843372, 19.06754, 5.484544, 3.95012
32834, 43.163648, 19.940524, 21.164692, 5.484544, 3.98748
33006, 43.188224, 19.940524, 21.164692, 5.484544, 4.011224
33207, 43.225088, 22.037676, 23.261844, 5.484544, 4.048592
33425, 43.249664, 22.037676, 23.261844, 5.484544, 4.072392
33626, 43.27424, 22.037676, 23.261844, 5.484544, 4.096168
33827, 43.29472, 22.037676, 23.261844, 5.484544, 4.119936
34028, 44.376064, 23.086252, 24.31042, 5.484544, 4.151056
34228, 44.412928, 23.086252, 24.31042, 5.484544, 4.174888
34430, 46.546944, 25.183404, 26.407572, 5.484544, 4.212256
34631, 46.567424, 25.183404, 26.407572, 5.484544, 4.236096
34841, 46.592, 25.183404, 26.407572, 5.484544, 4.259872
35042, 48.713728, 27.280556, 28.504724, 5.484544, 4.286256
35256, 48.738304, 27.280556, 28.504724, 5.484544, 4.310096
35457, 47.763456, 4.211884, 5.436052, 5.484544, 3.301024
35657, 47.788032, 4.211884, 5.436052, 5.484544, 3.3248
35859, 47.837184, 7.357612, 8.58178, 5.484544, 3.3684
36059, 47.857664, 7.357612, 8.58178, 5.484544, 3.392168
36260, 47.886336, 7.357612, 8.58178, 5.484544, 3.415936
36461, 47.910912, 7.357612, 8.58178, 5.484544, 3.439704
36680, 47.935488, 7.357612, 8.58178, 5.484544, 3.463472
36881, 47.972352, 9.454764, 10.678932, 5.484544, 3.500856
37087, 47.992832, 9.454764, 10.678932, 5.484544, 3.524632
37291, 48.013312, 9.454764, 10.678932, 5.484544, 3.548456
37505, 48.037888, 9.454764, 10.678932, 5.484544, 3.572232
37706, 48.062464, 9.454764, 10.678932, 5.484544, 3.596032
37907, 48.103424, 12.600492, 13.82466, 5.484544, 3.639616
38108, 48.128, 12.600492, 13.82466, 5.484544, 3.663392
38310, 48.152576, 14.697644, 15.921812, 5.484544, 3.688776
38510, 48.177152, 14.697644, 15.921812, 5.484544, 3.713552
38710, 48.201728, 14.697644, 15.921812, 5.484544, 3.737352
38921, 48.222208, 14.697644, 15.921812, 5.484544, 3.761128
39122, 48.27136, 17.843372, 19.06754, 5.484544, 3.804712
39344, 48.29184, 17.843372, 19.06754, 5.484544, 3.828504
39545, 48.316416, 17.843372, 19.06754, 5.484544, 3.852272
39746, 48.336896, 17.843372, 19.06754, 5.484544, 3.876072
39948, 48.361472, 17.843372, 19.06754, 5.484544, 3.899848
40165, 48.386048, 17.843372, 19.06754, 5.484544, 3.923624
40366, 48.422912, 19.940524, 21.164692, 5.484544, 3.960992
40567, 48.447488, 19.940524, 21.164692, 5.484544, 3.98472
40788, 48.467968, 19.940524, 21.164692, 5.484544, 4.008472
40989, 48.492544, 19.940524, 21.164692, 5.484544, 4.0322
41189, 48.51712, 19.940524, 21.164692, 5.484544, 4.055928
41390, 48.549888, 22.037676, 23.261844, 5.484544, 4.093296
41589, 48.574464, 22.037676, 23.261844, 5.484544, 4.117024
41800, 48.594944, 22.037676, 23.261844, 5.484544, 4.140776
42019, 48.623616, 22.037676, 23.261844, 5.484544, 4.164504
42220, 48.672768, 23.086251, 24.31042, 5.484544, 4.208376
42421, 48.697344, 23.086251, 24.31042, 5.484544, 4.232952
42622, 48.72192, 23.086251, 24.31042, 5.484544, 4.256408
42824, 48.746496, 23.086251, 24.31042, 5.484544, 4.27988
43024, 48.779264, 23.086246, 24.31042, 5.484544, 4.315064
43225, 48.80384, 23.086246, 24.31042, 5.484544, 4.33852
43426, 41.639936, 3.163302, 4.387476, 5.484544, 3.349088
43635, 41.668608, 3.163302, 4.387476, 5.484544, 3.37256
43836, 41.693184, 3.163302, 4.387476, 5.484544, 3.396272
44036, 41.713664, 3.163302, 4.387476, 5.484544, 3.419392
44240, 41.73824, 3.163302, 4.387476, 5.484544, 3.442536
44441, 41.750528, 3.163302, 4.387476, 5.484544, 3.45504
44642, 41.775104, 3.163302, 4.387476, 5.484544, 3.478328
44843, 41.795584, 3.163302, 4.387476, 5.484544, 3.501712
45045, 41.82016, 3.163302, 4.387476, 5.484544, 3.524832
45251, 41.844736, 3.171494, 4.395668, 5.484544, 3.548424
45448, 41.86112, 3.171494, 4.395668, 5.484544, 3.571848
45650, 41.885696, 3.171494, 4.395668, 5.484544, 3.594952
45860, 41.910272, 3.171494, 4.395668, 5.484544, 3.618336
46061, 41.930752, 3.171494, 4.395668, 5.484544, 3.641696
46280, 41.955328, 3.171494, 4.395668, 5.484544, 3.664816
46481, 41.975808, 3.171494, 4.395668, 5.484544, 3.688176
46683, 42.000384, 3.171494, 4.395668, 5.484544, 3.711536
46883, 42.02496, 3.171494, 4.395668, 5.484544, 3.73468
47084, 42.04544, 3.171494, 4.395668, 5.484544, 3.758024
47285, 42.074112, 3.171494, 4.395668, 5.484544, 3.781368
47487, 42.098688, 3.171494, 4.395668, 5.484544, 3.804488
47687, 42.119168, 3.171494, 4.395668, 5.484544, 3.827848
47888, 42.139648, 3.171494, 4.395668, 5.484544, 3.851232
48089, 42.164224, 3.171494, 4.395668, 5.484544, 3.877728
48290, 42.1888, 3.171494, 4.395668, 5.484544, 3.901184
48491, 42.20928, 3.171494, 4.395668, 5.484544, 3.924624
48692, 42.233856, 3.171494, 4.395668, 5.484544, 3.948088
48893, 42.258432, 3.171494, 4.395668, 5.484544, 3.971544
49100, 42.278912, 3.171494, 4.395668, 5.484544, 3.995
49302, 42.303488, 3.171494, 4.395668, 5.484544, 4.018448
49503, 42.328064, 3.171494, 4.395668, 5.484544, 4.041904
49704, 42.33216, 3.171494, 4.395668, 5.484544, 4.066528
49905, 42.3936, 3.171494, 4.395668, 5.484544, 4.089968
50116, 42.41408, 3.171494, 4.395668, 5.484544, 4.113416
50316, 42.438656, 3.171494, 4.395668, 5.484544, 4.136856
50517, 42.450944, 3.171494, 4.395668, 5.484544, 4.149504
50719, 42.471424, 3.171494, 4.395668, 5.484544, 4.17296
50925, 42.496, 3.171494, 4.395668, 5.484544, 4.196432
51125, 42.520576, 3.171494, 4.395668, 5.484544, 4.219872
51327, 42.541056, 3.171494, 4.395668, 5.484544, 4.243328
51529, 42.565632, 3.171494, 4.395668, 5.484544, 4.266784
51729, 42.590208, 3.171494, 4.395668, 5.484544, 4.290264
51929, 42.610688, 3.171494, 4.395668, 5.484544, 4.31372
52131, 42.635264, 3.171494, 4.395668, 5.484544, 4.337168
52333, 41.65632, 3.171494, 4.395668, 5.484544, 3.319928
52534, 41.6768, 3.171494, 4.395668, 5.484544, 3.343368
52737, 41.701376, 3.171494, 4.395668, 5.484544, 3.366832
52939, 41.725952, 3.171494, 4.395668, 5.484544, 3.390288
53139, 41.750528, 3.171494, 4.395668, 5.484544, 3.413744
53340, 41.775104, 3.171494, 4.395668, 5.484544, 3.437168
53555, 41.79968, 3.171494, 4.395668, 5.484544, 3.460592
53756, 41.82016, 3.171494, 4.395668, 5.484544, 3.484056
53965, 41.844736, 3.171494, 4.395668, 5.484544, 3.507472
54165, 41.869312, 3.171494, 4.395668, 5.484544, 3.530896
54366, 41.869312, 3.171494, 4.395668, 5.484544, 3.555544
54571, 42.033152, 3.171494, 4.395668, 5.484544, 3.585048
54774, 42.082304, 3.171494, 4.395668, 5.484544, 3.605792
54980, 42.094592, 3.171494, 4.395668, 5.484544, 3.617112
55181, 42.115072, 3.171494, 4.395668, 5.484544, 3.637976
55382, 42.135552, 3.171494, 4.395668, 5.484544, 3.65884
55585, 42.156032, 3.171494, 4.395668, 5.484544, 3.679696
55791, 42.180608, 3.171494, 4.395668, 5.484544, 3.700584
55992, 42.201088, 3.171494, 4.395668, 5.484544, 3.721448
56193, 42.221568, 3.171494, 4.395668, 5.484544, 3.742312
56394, 42.242048, 3.171494, 4.395668, 5.484544, 3.763176
56595, 42.262528, 3.171494, 4.395668, 5.484544, 3.78404
56797, 42.283008, 3.171494, 4.395668, 5.484544, 3.80492
56997, 42.303488, 3.171494, 4.395668, 5.484544, 3.825776
57217, 42.328064, 3.171494, 4.395668, 5.484544, 3.846608
57418, 42.344448, 3.171494, 4.395668, 5.484544, 3.867448
57619, 42.364928, 3.171494, 4.395668, 5.484544, 3.888312
57820, 42.385408, 3.171494, 4.395668, 5.484544, 3.9092
58033, 42.405888, 3.171494, 4.395668, 5.484544, 3.930056
58234, 42.426368, 3.171494, 4.395668, 5.484544, 3.95092
58434, 42.446848, 3.171494, 4.395668, 5.484544, 3.971776
58635, 42.467328, 3.171494, 4.395668, 5.484544, 3.99264
58836, 42.487808, 3.171494, 4.395668, 5.484544, 4.013496
59036, 42.508288, 3.171494, 4.395668, 5.484544, 4.034328
59237, 42.528768, 3.171494, 4.395668, 5.484544, 4.055192
59438, 42.549248, 3.171494, 4.395668, 5.484544, 4.076056
59653, 42.573824, 3.171494, 4.395668, 5.484544, 4.09692
59854, 43.675648, 3.171494, 4.395668, 5.484544, 4.141376
60066, 43.692032, 3.171494, 4.395668, 5.484544, 4.162048
60267, 43.712512, 3.171494, 4.395668, 5.484544, 4.182688
60488, 43.732992, 3.171494, 4.395668, 5.484544, 4.203328
60689, 43.753472, 3.171494, 4.395668, 5.484544, 4.223968
60900, 43.773952, 3.171494, 4.395668, 5.484544, 4.244632
61102, 43.794432, 3.171494, 4.395668, 5.484544, 4.265272
61303, 43.78624, 3.171494, 4.395668, 5.484544, 4.286848
61503, 43.843584, 3.171494, 4.395668, 5.484544, 4.307472
61704, 43.864064, 3.171494, 4.395668, 5.484544, 4.328112
61905, 43.884544, 3.171494, 4.395668, 5.484544, 4.348776
62105, 43.905024, 3.171494, 4.395668, 5.484544, 4.369416
62306, 43.925504, 3.171494, 4.395668, 5.484544, 4.390056
62508, 42.913792, 3.171494, 4.395668, 5.484544, 3.368472
62709, 42.934272, 3.171494, 4.395668, 5.484544, 3.389112
62912, 42.954752, 3.171494, 4.395668, 5.484544, 3.40972
63113, 42.975232, 3.171494, 4.395668, 5.484544, 3.430352
63312, 42.995712, 3.171494, 4.395668, 5.484544, 3.45096
63513, 43.008, 3.171494, 4.395668, 5.484544, 3.462128
63714, 43.024384, 3.171494, 4.395668, 5.484544, 3.482752
63915, 43.044864, 3.171494, 4.395668, 5.484544, 3.503392
64116, 43.065344, 3.171494, 4.395668, 5.484544, 3.524032
64324, 43.085824, 3.171494, 4.395668, 5.484544, 3.544672
64525, 43.1104, 3.171494, 4.395668, 5.484544, 3.565312
64726, 43.13088, 3.171494, 4.395668, 5.484544, 3.58596
64927, 43.15136, 3.171494, 4.395668, 5.484544, 3.606584
65135, 43.17184, 3.171494, 4.395668, 5.484544, 3.627208
65336, 43.188224, 3.171494, 4.395668, 5.484544, 3.647856
65536, 43.311104, 3.171494, 4.395668, 5.484544, 3.671512
65736, 43.331584, 3.171494, 4.395668, 5.484544, 3.691856
65937, 43.352064, 3.171494, 4.395668, 5.484544, 3.712176
66158, 43.372544, 3.171494, 4.395668, 5.484544, 3.732496
66359, 43.393024, 3.171494, 4.395668, 5.484544, 3.752816
66559, 43.413504, 3.171494, 4.395668, 5.484544, 3.773136
66760, 43.43808, 3.171494, 4.395668, 5.484544, 3.793456
66961, 43.544576, 5.26879, 6.492964, 5.484544, 3.883952
67161, 43.565056, 5.26879, 6.492964, 5.484544, 3.910936
67362, 43.593728, 5.26879, 6.492964, 5.484544, 3.937856
67566, 43.618304, 5.26879, 6.492964, 5.484544, 3.964536
67766, 43.646976, 5.26879, 6.492964, 5.484544, 3.991736
67967, 43.671552, 5.26879, 6.492964, 5.484544, 4.018752
68177, 43.700224, 5.26879, 6.492964, 5.484544, 4.045616
68377, 43.712512, 5.26879, 6.492964, 5.484544, 4.060008
68578, 43.741184, 5.26879, 6.492964, 5.484544, 4.086992
68779, 43.769856, 5.26879, 6.492964, 5.484544, 4.114008
68980, 43.798528, 5.26879, 6.492964, 5.484544, 4.141024
69184, 43.823104, 5.26879, 6.492964, 5.484544, 4.16804
69385, 43.84768, 5.26879, 6.492964, 5.484544, 4.195064
69587, 43.872256, 5.26879, 6.492964, 5.484544, 4.222072
69786, 43.937792, 5.26879, 6.492964, 5.484544, 4.249192
69988, 43.966464, 5.26879, 6.492964, 5.484544, 4.276768
70190, 43.99104, 5.26879, 6.492964, 5.484544, 4.304344
70401, 44.019712, 5.26879, 6.492964, 5.484544, 4.331912
70602, 44.048384, 5.26879, 6.492964, 5.484544, 4.359488
70803, 44.07296, 5.26879, 6.492964, 5.484544, 4.387064
71004, 44.101632, 5.26879, 6.492964, 5.484544, 4.414632
71205, 43.1104, 4.22007, 5.444244, 5.484544, 3.436584
71406, 43.134976, 4.22007, 5.444244, 5.484544, 3.464176
71613, 43.163648, 4.22007, 5.444244, 5.484544, 3.491776
71814, 43.196416, 4.22007, 5.444244, 5.484544, 3.51932
72015, 43.220992, 4.22007, 5.444244, 5.484544, 3.546896
72215, 43.249664, 4.22007, 5.444244, 5.484544, 3.574472
72416, 43.278336, 4.22007, 5.444244, 5.484544, 3.602016
72618, 43.302912, 4.228262, 5.452436, 5.484544, 3.6298
72818, 43.319296, 4.228262, 5.452436, 5.484544, 3.64452
73020, 43.343872, 4.228262, 5.452436, 5.484544, 3.672096
73222, 43.368448, 4.228262, 5.452436, 5.484544, 3.69968
73423, 43.39712, 4.228262, 5.452436, 5.484544, 3.727256
73625, 43.425792, 4.228262, 5.452436, 5.484544, 3.754824
73836, 43.450368, 4.228262, 5.452436, 5.484544, 3.782408
74037, 43.47904, 4.228262, 5.452436, 5.484544, 3.80996
74238, 43.507712, 4.228262, 5.452436, 5.484544, 3.837504
74439, 43.532288, 4.228262, 5.452436, 5.484544, 3.865088
74640, 43.56096, 4.228262, 5.452436, 5.484544, 3.892672
74841, 43.589632, 4.228262, 5.452436, 5.484544, 3.920296
75046, 43.614208, 4.228262, 5.452436, 5.484544, 3.94788
75246, 43.64288, 4.228262, 5.452436, 5.484544, 3.975456
75446, 43.671552, 4.228262, 5.452436, 5.484544, 4.003024
75646, 43.696128, 4.228262, 5.452436, 5.484544, 4.030576
75848, 43.712512, 4.228262, 5.452436, 5.484544, 4.045288
76048, 43.737088, 4.228262, 5.452436, 5.484544, 4.07284
76249, 43.76576, 4.228262, 5.452436, 5.484544, 4.100416
76450, 43.794432, 4.228262, 5.452436, 5.484544, 4.127984
76650, 43.819008, 4.228262, 5.452436, 5.484544, 4.155536
76862, 43.84768, 4.228262, 5.452436, 5.484544, 4.18312
77064, 43.872256, 4.228262, 5.452436, 5.484544, 4.21072
77264, 43.900928, 4.228262, 5.452436, 5.484544, 4.238264
77465, 43.925504, 4.228262, 5.452436, 5.484544, 4.265848
77666, 43.954176, 4.228262, 5.452436, 5.484544, 4.2934
77867, 43.982848, 4.228262, 5.452436, 5.484544, 4.320976
78068, 44.01152, 4.228262, 5.452436, 5.484544, 4.34856
78269, 44.040192, 4.228262, 5.452436, 5.484544, 4.376128
78470, 44.068864, 4.228262, 5.452436, 5.484544, 4.403712
78673, 44.09344, 4.228262, 5.452436, 5.484544, 4.431296
78876, 43.114496, 4.228262, 5.452436, 5.484544, 3.42668
79079, 43.139072, 4.228262, 5.452436, 5.484544, 3.454256
79279, 43.167744, 4.228262, 5.452436, 5.484544, 3.48176
79479, 43.184128, 4.228262, 5.452436, 5.484544, 3.496432
79680, 43.208704, 4.228262, 5.452436, 5.484544, 3.524016
79879, 43.237376, 4.228262, 5.452436, 5.484544, 3.5516
80084, 43.266048, 4.228262, 5.452436, 5.484544, 3.579176
80285, 43.290624, 4.228262, 5.452436, 5.484544, 3.60676
80486, 43.319296, 4.228262, 5.452436, 5.484544, 3.634336
80687, 43.347968, 4.228262, 5.452436, 5.484544, 3.661888
80887, 43.368448, 4.228262, 5.452436, 5.484544, 3.689496
81088, 44.081152, 4.228262, 5.452436, 5.484544, 3.74032
81304, 44.109824, 4.228262, 5.452436, 5.484544, 3.767608
81505, 44.1344, 4.228262, 5.452436, 5.484544, 3.794904
81706, 44.150784, 4.228262, 5.452436, 5.484544, 3.809408
81908, 44.17536, 4.228262, 5.452436, 5.484544, 3.836704
82108, 44.204032, 4.228262, 5.452436, 5.484544, 3.863984
82316, 44.232704, 4.228262, 5.452436, 5.484544, 3.89128
82517, 44.25728, 4.228262, 5.452436, 5.484544, 3.918568
82727, 44.285952, 4.228262, 5.452436, 5.484544, 3.945848
82929, 44.314624, 4.228262, 5.452436, 5.484544, 3.9732
83128, 44.3392, 4.228262, 5.452436, 5.484544, 4.000488
83339, 44.367872, 4.228262, 5.452436, 5.484544, 4.027768
83539, 44.392448, 4.228262, 5.452436, 5.484544, 4.055064
83740, 44.42112, 4.228262, 5.452436, 5.484544, 4.08236
83943, 44.449792, 4.228262, 5.452436, 5.484544, 4.10964
84144, 44.474368, 4.228262, 5.452436, 5.484544, 4.136928
84344, 44.50304, 4.228262, 5.452436, 5.484544, 4.164224
84545, 44.527616, 4.228262, 5.452436, 5.484544, 4.191504
84746, 44.560384, 4.228262, 5.452436, 5.484544, 4.229672
84947, 44.62592, 4.228262, 5.452436, 5.484544, 4.256672
85147, 44.654592, 4.228262, 5.452436, 5.484544, 4.2836
85349, 44.683264, 4.228262, 5.452436, 5.484544, 4.310536
85562, 44.70784, 4.228262, 5.452436, 5.484544, 4.337328
85761, 44.720128, 4.228262, 5.452436, 5.484544, 4.351656
85963, 44.7488, 4.228262, 5.452436, 5.484544, 4.3786
86164, 44.773376, 4.228262, 5.452436, 5.484544, 4.405528
86365, 44.802048, 4.228262, 5.452436, 5.484544, 4.432472
86565, 44.826624, 4.228262, 5.452436, 5.484544, 4.459416
86766, 44.855296, 4.228262, 5.452436, 5.484544, 4.48636
86967, 43.84768, 4.228262, 5.452436, 5.484544, 3.470504
87168, 43.876352, 4.228262, 5.452436, 5.484544, 3.497408
87368, 43.900928, 4.228262, 5.452436, 5.484544, 3.524376
87569, 43.9296, 4.228262, 5.452436, 5.484544, 3.551288
87771, 43.954176, 4.228262, 5.452436, 5.484544, 3.578216
87971, 43.982848, 4.228262, 5.452436, 5.484544, 3.605128
88172, 44.007424, 4.228262, 5.452436, 5.484544, 3.63204
88389, 44.036096, 4.228262, 5.452436, 5.484544, 3.658976
88594, 44.064768, 4.228262, 5.452436, 5.484544, 3.68592
88790, 44.097536, 4.228262, 5.452436, 5.484544, 3.715616
89002, 44.109824, 4.228262, 5.452436, 5.484544, 3.729904
89202, 44.138496, 4.228262, 5.452436, 5.484544, 3.7568
89403, 44.163072, 4.228262, 5.452436, 5.484544, 3.784856
89604, 44.191744, 4.228262, 5.452436, 5.484544, 3.811008
89805, 44.21632, 4.228262, 5.452436, 5.484544, 3.83716
90034, 44.240896, 4.228262, 5.452436, 5.484544, 3.863296
90234, 44.269568, 4.228262, 5.452436, 5.484544, 3.889448
90435, 44.294144, 4.228262, 5.452436, 5.484544, 3.9156
90636, 44.31872, 4.228262, 5.452436, 5.484544, 3.941744
90837, 44.347392, 4.228262, 5.452436, 5.484544, 3.96788
91039, 44.367872, 4.228262, 5.452436, 5.484544, 3.994032
91239, 44.396544, 4.228262, 5.452436, 5.484544, 4.020152
91440, 44.519424, 4.228262, 5.452436, 5.484544, 4.042024
91641, 44.544, 4.228262, 5.452436, 5.484544, 4.067664
91842, 44.568576, 4.228262, 5.452436, 5.484544, 4.093288
92058, 44.593152, 4.228262, 5.452436, 5.484544, 4.118928
92270, 44.617728, 4.228262, 5.452436, 5.484544, 4.144568
92469, 44.6464, 4.228262, 5.452436, 5.484544, 4.170208
92672, 44.670976, 4.228262, 5.452436, 5.484544, 4.195832
92891, 44.683264, 4.228262, 5.452436, 5.484544, 4.20944
93110, 44.70784, 4.228262, 5.452436, 5.484544, 4.23504
93310, 44.732416, 4.228262, 5.452436, 5.484544, 4.26064
93511, 44.756992, 4.228262, 5.452436, 5.484544, 4.286312
93712, 44.781568, 4.228262, 5.452436, 5.484544, 4.311952
93913, 44.81024, 4.228262, 5.452436, 5.484544, 4.337592
94113, 44.834816, 4.228262, 5.452436, 5.484544, 4.363216
94314, 44.859392, 4.228262, 5.452436, 5.484544, 4.388856
94515, 44.888064, 4.228262, 5.452436, 5.484544, 4.414496
94715, 45.166592, 4.228262, 5.452436, 5.484544, 4.460456
94915, 45.191168, 4.228262, 5.452436, 5.484544, 4.485856
95115, 45.215744, 4.228262, 5.452436, 5.484544, 4.511256
95324, 45.24032, 4.228262, 5.452436, 5.484544, 4.536656
95525, 44.2368, 4.228262, 5.452436, 5.484544, 3.518808
95726, 44.261376, 4.228262, 5.452436, 5.484544, 3.544192
95927, 44.290048, 4.228262, 5.452436, 5.484544, 3.569592
96129, 44.253184, 4.228262, 5.452436, 5.484544, 3.596288
96330, 44.326912, 4.228262, 5.452436, 5.484544, 3.609768
96531, 44.351488, 4.228262, 5.452436, 5.484544, 3.635168
96733, 44.376064, 4.228262, 5.452436, 5.484544, 3.660568
96934, 44.404736, 4.228262, 5.452436, 5.484544, 3.685936
97135, 44.433408, 4.228262, 5.452436, 5.484544, 3.711336
97354, 44.457984, 4.228262, 5.452436, 5.484544, 3.736736
97558, 44.48256, 4.228262, 5.452436, 5.484544, 3.762136
97759, 44.50304, 4.228262, 5.452436, 5.484544, 3.78752
97959, 44.527616, 4.228262, 5.452436, 5.484544, 3.81288
98161, 44.552192, 4.228262, 5.452436, 5.484544, 3.83824
98365, 44.576768, 4.228262, 5.452436, 5.484544, 3.863632
98565, 44.60544, 4.228262, 5.452436, 5.484544, 3.889032
98766, 44.630016, 4.228262, 5.452436, 5.484544, 3.914416
98968, 44.654592, 4.228262, 5.452436, 5.484544, 3.939816
99180, 44.679168, 4.228262, 5.452436, 5.484544, 3.965184
99381, 44.703744, 4.228262, 5.452436, 5.484544, 3.990584
99581, 44.72832, 4.228262, 5.452436, 5.484544, 4.015984
99784, 44.761088, 4.228262, 5.452436, 5.484544, 4.043624
99984, 44.785664, 4.236454, 5.460628, 5.484544, 4.068904
100185, 44.81024, 4.236454, 5.460628, 5.484544, 4.093952
100387, 44.826624, 4.236454, 5.460628, 5.484544, 4.107168
100587, 44.8512, 4.236454, 5.460628, 5.484544, 4.132136
100788, 44.875776, 4.236454, 5.460628, 5.484544, 4.15712
100989, 44.900352, 4.236454, 5.460628, 5.484544, 4.18212
101194, 44.91264, 4.236454, 5.460628, 5.484544, 4.195368
101395, 44.937216, 4.236454, 5.460628, 5.484544, 4.22036
101617, 44.961792, 4.236454, 5.460628, 5.484544, 4.24536
101817, 44.986368, 4.236454, 5.460628, 5.484544, 4.27036
102019, 45.010944, 4.236454, 5.460628, 5.484544, 4.29536
102219, 45.03552, 4.236454, 5.460628, 5.484544, 4.320568
102420, 45.060096, 4.236454, 5.460628, 5.484544, 4.34556
102620, 45.084672, 4.236454, 5.460628, 5.484544, 4.37056
102827, 45.21984, 4.236454, 5.460628, 5.484544, 4.39556
103045, 45.858816, 4.236454, 5.460628, 5.484544, 4.434432
103254, 45.879296, 4.236454, 5.460628, 5.484544, 4.459064
103461, 45.903872, 4.236454, 5.460628, 5.484544, 4.483696
103664, 45.928448, 4.236454, 5.460628, 5.484544, 4.508328
103864, 45.953024, 4.236454, 5.460628, 5.484544, 4.53296
104065, 45.9776, 4.236454, 5.460628, 5.484544, 4.557592
104266, 46.002176, 4.236454, 5.460628, 5.484544, 4.582208
104473, 44.99456, 4.236454, 5.460628, 5.484544, 3.56376
104677, 45.006848, 4.236454, 5.460628, 5.484544, 3.576808
104878, 45.031424, 4.236454, 5.460628, 5.484544, 3.60144
105078, 45.056, 4.236454, 5.460628, 5.484544, 3.626072
105297, 45.080576, 4.236454, 5.460628, 5.484544, 3.650688
105498, 45.043712, 4.236454, 5.460628, 5.484544, 3.678184
105700, 45.13792, 4.236454, 5.460628, 5.484544, 3.702816
105900, 45.162496, 4.236454, 5.460628, 5.484544, 3.72744
106110, 45.187072, 4.236454, 5.460628, 5.484544, 3.752072
106314, 45.211648, 4.236454, 5.460628, 5.484544, 3.776704
106516, 45.236224, 4.236454, 5.460628, 5.484544, 3.801336
106718, 45.256704, 4.236454, 5.460628, 5.484544, 3.825992
106921, 45.268992, 4.236454, 5.460628, 5.484544, 3.839056
107121, 45.293568, 4.236454, 5.460628, 5.484544, 3.863688
107347, 45.318144, 4.236454, 5.460628, 5.484544, 3.88832
107548, 45.346816, 4.236454, 5.460628, 5.484544, 3.912952
107748, 45.367296, 4.236454, 5.460628, 5.484544, 3.937584
107962, 45.391872, 4.236454, 5.460628, 5.484544, 3.962216
108166, 45.416448, 4.236454, 5.460628, 5.484544, 3.986848
108367, 45.441024, 4.236454, 5.460628, 5.484544, 4.01148
108571, 45.4656, 4.236454, 5.460628, 5.484544, 4.036112
108772, 45.490176, 4.236454, 5.460628, 5.484544, 4.060728
108972, 45.510656, 4.236454, 5.460628, 5.484544, 4.085376
109173, 45.535232, 4.236454, 5.460628, 5.484544, 4.110008
109375, 45.559808, 4.236454, 5.460628, 5.484544, 4.13464
109575, 45.584384, 4.236454, 5.460628, 5.484544, 4.159272
109776, 45.60896, 4.236454, 5.460628, 5.484544, 4.183904
109977, 45.633536, 4.236454, 5.460628, 5.484544, 4.208528
110178, 45.645824, 4.236454, 5.460628, 5.484544, 4.221592
110390, 45.6704, 4.236454, 5.460628, 5.484544, 4.246224
110591, 45.699072, 4.236454, 5.460628, 5.484544, 4.27084
110792, 45.723648, 4.236454, 5.460628, 5.484544, 4.295472
111009, 45.748224, 4.236454, 5.460628, 5.484544, 4.320104
111209, 45.768704, 4.236454, 5.460628, 5.484544, 4.344744
111409, 45.79328, 4.236454, 5.460628, 5.484544, 4.369376
111610, 45.817856, 4.236454, 5.460628, 5.484544, 4.394
111810, 45.842432, 4.236454, 5.460628, 5.484544, 4.418624
112011, 45.867008, 4.236454, 5.460628, 5.484544, 4.443256
112212, 45.891584, 4.236454, 5.460628, 5.484544, 4.467888
112421, 45.91616, 4.236454, 5.460628, 5.484544, 4.49252
112622, 45.928448, 4.236454, 5.460628, 5.484544, 4.505568
112834, 45.953024, 4.236454, 5.460628, 5.484544, 4.530168
113035, 45.9776, 4.236454, 5.460628, 5.484544, 4.554768
113236, 46.002176, 4.236454, 5.460628, 5.484544, 4.57936
113437, 46.026752, 4.236454, 5.460628, 5.484544, 4.60396
113638, 45.019136, 4.236454, 5.460628, 5.484544, 3.615528
113839, 45.043712, 4.236454, 5.460628, 5.484544, 3.64016
114040, 45.068288, 4.236454, 5.460628, 5.484544, 3.66476
114240, 45.092864, 4.236454, 5.460628, 5.484544, 3.689392
114441, 45.11744, 4.236454, 5.460628, 5.484544, 3.714048
114642, 45.142016, 4.236454, 5.460628, 5.484544, 3.738672
114843, 45.166592, 4.236454, 5.460628, 5.484544, 3.763304
115043, 45.191168, 4.236454, 5.460628, 5.484544, 3.787904
115244, 45.215744, 4.236454, 5.460628, 5.484544, 3.812504
115444, 45.236224, 4.236454, 5.460628, 5.484544, 3.837104
115645, 45.2608, 4.236454, 5.460628, 5.484544, 3.861704
115847, 45.285376, 4.236454, 5.460628, 5.484544, 3.88632
116047, 45.309952, 4.236454, 5.460628, 5.484544, 3.910952
116247, 45.334528, 4.236454, 5.460628, 5.484544, 3.935584
116448, 45.359104, 4.236454, 5.460628, 5.484544, 3.960216
116650, 45.38368, 4.236454, 5.460628, 5.484544, 3.984848
116851, 45.395968, 4.236454, 5.460628, 5.484544, 3.997904
117051, 45.42464, 4.236454, 5.460628, 5.484544, 4.022536
117250, 45.449216, 4.236454, 5.460628, 5.484544, 4.04716
117451, 45.473792, 4.236454, 5.460628, 5.484544, 4.071792
117653, 45.494272, 4.236454, 5.460628, 5.484544, 4.09644
117860, 45.518848, 4.236454, 5.460628, 5.484544, 4.121072
118061, 45.531136, 4.236454, 5.460628, 5.484544, 4.134136
118261, 45.555712, 4.236454, 5.460628, 5.484544, 4.158768
118462, 45.580288, 4.236454, 5.460628, 5.484544, 4.1834
118672, 45.604864, 4.236454, 5.460628, 5.484544, 4.208024
118871, 45.62944, 4.236454, 5.460628, 5.484544, 4.232656
119072, 45.654016, 4.236454, 5.460628, 5.484544, 4.25728
119273, 45.678592, 4.236454, 5.460628, 5.484544, 4.281912
119474, 45.703168, 4.236454, 5.460628, 5.484544, 4.306544
119680, 45.727744, 4.236454, 5.460628, 5.484544, 4.331176
119880, 45.748224, 4.236454, 5.460628, 5.484544, 4.355808
120081, 45.768704, 4.236454, 5.460628, 5.484544, 4.380408
120305, 45.797376, 4.236454, 5.460628, 5.484544, 4.405008
120506, 45.821952, 4.236454, 5.460628, 5.484544, 4.42964
120707, 45.846528, 4.236454, 5.460628, 5.484544, 4.454272
120907, 45.871104, 4.236454, 5.460628, 5.484544, 4.478904
121123, 45.89568, 4.236454, 5.460628, 5.484544, 4.503536
121323, 45.920256, 4.236454, 5.460628, 5.484544, 4.52816
121524, 45.932544, 4.236454, 5.460628, 5.484544, 4.541224
121727, 45.95712, 4.236454, 5.460628, 5.484544, 4.565928
121928, 45.981696, 4.236454, 5.460628, 5.484544, 4.590552
122128, 46.006272, 4.236454, 5.460628, 5.484544, 4.615184
122328, 45.027328, 4.236454, 5.460628, 5.484544, 3.59576
122529, 45.051904, 4.236454, 5.460628, 5.484544, 3.620392
122731, 45.07648, 4.236454, 5.460628, 5.484544, 3.645024
122931, 45.09696, 4.236454, 5.460628, 5.484544, 3.669648
123131, 45.121536, 4.236454, 5.460628, 5.484544, 3.694272
123332, 45.150208, 4.236454, 5.460628, 5.484544, 3.718904
123532, 45.174784, 4.236454, 5.460628, 5.484544, 3.743536
123732, 45.19936, 4.236454, 5.460628, 5.484544, 3.768168
123934, 45.223936, 4.236454, 5.460628, 5.484544, 3.792792
124134, 45.248512, 4.236454, 5.460628, 5.484544, 3.817424
124334, 45.268992, 4.236454, 5.460628, 5.484544, 3.84212
124535, 45.293568, 4.236454, 5.460628, 5.484544, 3.86672
124746, 45.32224, 4.236454, 5.460628, 5.484544, 3.894368
124947, 45.334528, 4.236454, 5.460628, 5.484544, 3.907424
125166, 45.359104, 4.236454, 5.460628, 5.484544, 3.932024
125366, 45.387776, 4.236454, 5.460628, 5.484544, 3.956624
125566, 45.412352, 4.236454, 5.460628, 5.484544, 3.981256
125768, 45.436928, 4.236454, 5.460628, 5.484544, 4.005888
125968, 45.461504, 4.236454, 5.460628, 5.484544, 4.03052
126168, 45.48608, 4.244646, 5.46882, 5.484544, 4.0554
126369, 45.510656, 4.244646, 5.46882, 5.484544, 4.080064
126573, 45.535232, 4.244646, 5.46882, 5.484544, 4.104664
126774, 45.555712, 4.244646, 5.46882, 5.484544, 4.129392
126975, 45.580288, 4.244646, 5.46882, 5.484544, 4.153992
127175, 45.604864, 4.244646, 5.46882, 5.484544, 4.178592
127386, 45.62944, 4.244646, 5.46882, 5.484544, 4.20324
127593, 45.654016, 4.244646, 5.46882, 5.484544, 4.227928
127804, 45.678592, 4.244646, 5.46882, 5.484544, 4.252624
128004, 45.703168, 4.244646, 5.46882, 5.484544, 4.27732
128206, 45.727744, 4.244646, 5.46882, 5.484544, 4.302008
128405, 45.75232, 4.244646, 5.46882, 5.484544, 4.326704
128606, 45.780992, 4.244646, 5.46882, 5.484544, 4.351416
128806, 45.801472, 4.244646, 5.46882, 5.484544, 4.376264
129007, 45.826048, 4.244646, 5.46882, 5.484544, 4.400992
129208, 45.850624, 4.244646, 5.46882, 5.484544, 4.425688
129413, 45.8752, 4.244646, 5.46882, 5.484544, 4.450224
129613, 45.89568, 4.244646, 5.46882, 5.484544, 4.474744
129814, 45.920256, 4.244646, 5.46882, 5.484544, 4.49924
130016, 45.944832, 4.244646, 5.46882, 5.484544, 4.523736
130217, 45.969408, 4.244646, 5.46882, 5.484544, 4.548272
130418, 45.993984, 4.244646, 5.46882, 5.484544, 4.572808
130618, 46.006272, 4.244646, 5.46882, 5.484544, 4.58576
130819, 46.030848, 4.244646, 5.46882, 5.484544, 4.610256
131043, 46.055424, 4.244646, 5.46882, 5.484544, 4.634792
131244, 45.047808, 4.244646, 5.46882, 5.484544, 3.6154
131462, 45.072384, 4.244646, 5.46882, 5.484544, 3.639928
131663, 45.09696, 4.244646, 5.46882, 5.484544, 3.664464
131864, 45.121536, 4.244646, 5.46882, 5.484544, 3.68896
132073, 45.146112, 4.244646, 5.46882, 5.484544, 3.713456
132274, 45.170688, 4.244646, 5.46882, 5.484544, 3.737992
132489, 45.195264, 4.244646, 5.46882, 5.484544, 3.762528
132691, 45.21984, 4.244646, 5.46882, 5.484544, 3.787064
132891, 45.244416, 4.244646, 5.46882, 5.484544, 3.81156
133100, 45.268992, 4.244646, 5.46882, 5.484544, 3.836088
133301, 45.32224, 4.244646, 5.46882, 5.484544, 3.874608
133502, 45.346816, 4.244646, 5.46882, 5.484544, 3.898464
133703, 45.367296, 4.244646, 5.46882, 5.484544, 3.92236
133904, 45.391872, 4.244646, 5.46882, 5.484544, 3.946216
134106, 45.416448, 4.244646, 5.46882, 5.484544, 3.97008
134308, 45.44512, 4.244646, 5.46882, 5.484544, 3.993936
134509, 45.4656, 4.244646, 5.46882, 5.484544, 4.017816
134710, 45.490176, 4.244646, 5.46882, 5.484544, 4.041672
134910, 45.514752, 4.244646, 5.46882, 5.484544, 4.065536
135110, 45.52704, 4.244646, 5.46882, 5.484544, 4.078344
135310, 45.551616, 4.244646, 5.46882, 5.484544, 4.102224
135510, 45.576192, 4.244646, 5.46882, 5.484544, 4.12612
135720, 45.592576, 4.244646, 5.46882, 5.484544, 4.150008
135920, 45.617152, 4.244646, 5.46882, 5.484544, 4.173904
136143, 45.641728, 4.244646, 5.46882, 5.484544, 4.1978
136344, 45.666304, 4.244646, 5.46882, 5.484544, 4.221688
136544, 45.69088, 4.244646, 5.46882, 5.484544, 4.245584
136745, 45.71136, 4.244646, 5.46882, 5.484544, 4.269464
136946, 45.735936, 4.244646, 5.46882, 5.484544, 4.293344
137157, 45.760512, 4.244646, 5.46882, 5.484544, 4.31724
137357, 45.785088, 4.244646, 5.46882, 5.484544, 4.341128
137558, 45.809664, 4.244646, 5.46882, 5.484544, 4.365024
137759, 45.83424, 4.244646, 5.46882, 5.484544, 4.38892
137961, 45.85472, 4.244646, 5.46882, 5.484544, 4.4128
138179, 45.879296, 4.244646, 5.46882, 5.484544, 4.43668
138381, 45.899776, 4.244646, 5.46882, 5.484544, 4.460536
138582, 45.924352, 4.244646, 5.46882, 5.484544, 4.484432
138783, 45.948928, 4.244646, 5.46882, 5.484544, 4.508328
138984, 45.973504, 4.244646, 5.46882, 5.484544, 4.5322
139185, 45.99808, 4.244646, 5.46882, 5.484544, 4.556088
139385, 46.01856, 4.244646, 5.46882, 5.484544, 4.579968
139587, 46.043136, 4.244646, 5.46882, 5.484544, 4.603848
139786, 46.067712, 4.244646, 5.46882, 5.484544, 4.627744
139987, 46.08, 4.244646, 5.46882, 5.484544, 4.640376
140190, 45.068288, 4.244646, 5.46882, 5.484544, 3.620576
140391, 45.092864, 4.244646, 5.46882, 5.484544, 3.644464
140592, 45.11744, 4.244646, 5.46882, 5.484544, 3.668328
140793, 45.146112, 4.244646, 5.46882, 5.484544, 3.692184
140994, 45.166592, 4.244646, 5.46882, 5.484544, 3.716048
141198, 45.191168, 4.244646, 5.46882, 5.484544, 3.739912
141399, 45.215744, 4.244646, 5.46882, 5.484544, 3.763776
141619, 45.24032, 4.244646, 5.46882, 5.484544, 3.78764
141820, 45.2608, 4.244646, 5.46882, 5.484544, 3.811496
142021, 45.285376, 4.244646, 5.46882, 5.484544, 3.835352
142226, 45.309952, 4.244646, 5.46882, 5.484544, 3.859216
142426, 45.330432, 4.244646, 5.46882, 5.484544, 3.883112
142627, 45.355008, 4.244646, 5.46882, 5.484544, 3.907008
142828, 45.469696, 4.244646, 5.46882, 5.484544, 3.954264
143029, 45.494272, 4.244646, 5.46882, 5.484544, 3.97816
143233, 45.518848, 4.244646, 5.46882, 5.484544, 4.002016
143433, 45.543424, 4.244646, 5.46882, 5.484544, 4.02588
143635, 45.563904, 4.244646, 5.46882, 5.484544, 4.049768
143834, 45.58848, 4.244646, 5.46882, 5.484544, 4.073664
144034, 45.613056, 4.244646, 5.46882, 5.484544, 4.097544
144235, 45.637632, 4.244646, 5.46882, 5.484544, 4.12144
144437, 45.64992, 4.244646, 5.46882, 5.484544, 4.134208
144649, 45.674496, 4.244646, 5.46882, 5.484544, 4.158088
144850, 45.69088, 4.244646, 5.46882, 5.484544, 4.182024
145068, 45.715456, 4.244646, 5.46882, 5.484544, 4.20588
145269, 45.740032, 4.244646, 5.46882, 5.484544, 4.229768
145469, 45.768704, 4.244646, 5.46882, 5.484544, 4.253688
145671, 45.79328, 4.244646, 5.46882, 5.484544, 4.277552
145894, 45.81376, 4.244646, 5.46882, 5.484544, 4.301408
146089, 45.838336, 4.244646, 5.46882, 5.484544, 4.325288
146289, 45.862912, 4.244646, 5.46882, 5.484544, 4.349184
146489, 45.887488, 4.244646, 5.46882, 5.484544, 4.37308
146702, 45.907968, 4.244646, 5.46882, 5.484544, 4.396968
146905, 45.932544, 4.244646, 5.46882, 5.484544, 4.420864
147107, 45.953024, 4.244646, 5.46882, 5.484544, 4.444864
147307, 45.965312, 4.244646, 5.46882, 5.484544, 4.457464
147509, 45.989888, 4.244646, 5.46882, 5.484544, 4.48136
147734, 46.014464, 4.244646, 5.46882, 5.484544, 4.505248
147935, 46.034944, 4.244646, 5.46882, 5.484544, 4.529144
148156, 46.05952, 4.244646, 5.46882, 5.484544, 4.55304
148361, 46.084096, 4.244646, 5.46882, 5.484544, 4.57692
148563, 46.108672, 4.244646, 5.46882, 5.484544, 4.600808
148765, 46.133248, 4.244646, 5.46882, 5.484544, 4.624704
148966, 46.157824, 4.244646, 5.46882, 5.484544, 4.6486
149190, 46.1824, 4.244646, 5.46882, 5.484544, 4.672488
149390, 46.206976, 4.244646, 5.46882, 5.484544, 4.696368
149594, 45.195264, 4.244646, 5.46882, 5.484544, 3.67644
149794, 45.21984, 4.244646, 5.46882, 5.484544, 3.700296
149995, 45.244416, 4.244646, 5.46882, 5.484544, 3.724152
150196, 45.264896, 4.244646, 5.46882, 5.484544, 3.748016
150397, 45.289472, 4.244646, 5.46882, 5.484544, 3.771912
150604, 45.314048, 4.244646, 5.46882, 5.484544, 3.795808
150806, 45.338624, 4.244646, 5.46882, 5.484544, 3.819704
151017, 45.359104, 4.244646, 5.46882, 5.484544, 3.8436
151218, 45.38368, 4.244646, 5.46882, 5.484544, 3.867456
151419, 45.408256, 4.244646, 5.46882, 5.484544, 3.891312
151619, 45.432832, 4.244646, 5.46882, 5.484544, 3.915208
151820, 45.441024, 4.244646, 5.46882, 5.484544, 3.927992
152027, 45.469696, 4.244646, 5.46882, 5.484544, 3.951856
152228, 45.490176, 4.244646, 5.46882, 5.484544, 3.97572
152464, 45.514752, 4.244646, 5.46882, 5.484544, 3.999576
152666, 45.539328, 4.244646, 5.46882, 5.484544, 4.02344
152890, 45.563904, 4.244646, 5.46882, 5.484544, 4.047328
153090, 45.58848, 4.244646, 5.46882, 5.484544, 4.071192
153305, 45.60896, 4.244646, 5.46882, 5.484544, 4.095048
153506, 45.633536, 4.244646, 5.46882, 5.484544, 4.118904
153707, 45.658112, 4.252838, 5.477012, 5.484544, 4.143016
153907, 45.682688, 4.252838, 5.477012, 5.484544, 4.16696
154117, 45.703168, 4.252838, 5.477012, 5.484544, 4.190896
154318, 45.715456, 4.252838, 5.477012, 5.484544, 4.203496
154519, 45.735936, 4.252838, 5.477012, 5.484544, 4.22736
154720, 45.760512, 4.252838, 5.477012, 5.484544, 4.251224
154922, 45.785088, 4.252838, 5.477012, 5.484544, 4.275088
155122, 45.809664, 4.252838, 5.477012, 5.484544, 4.298952
155322, 45.830144, 4.252838, 5.477012, 5.484544, 4.322816
155526, 45.85472, 4.252838, 5.477012, 5.484544, 4.346712
155726, 45.879296, 4.252838, 5.477012, 5.484544, 4.370576
155927, 45.891584, 4.252838, 5.477012, 5.484544, 4.383352
156128, 45.91616, 4.252838, 5.477012, 5.484544, 4.407216
156329, 45.940736, 4.252838, 5.477012, 5.484544, 4.43108
156530, 45.95712, 4.252838, 5.477012, 5.484544, 4.455032
156731, 45.981696, 4.252838, 5.477012, 5.484544, 4.478896
156930, 46.006272, 4.252838, 5.477012, 5.484544, 4.50276
157131, 46.030848, 4.252838, 5.477012, 5.484544, 4.526624
157332, 46.051328, 4.252838, 5.477012, 5.484544, 4.550488
157531, 46.063616, 4.252838, 5.477012, 5.484544, 4.56312
157732, 46.088192, 4.252838, 5.477012, 5.484544, 4.587016
157933, 46.112768, 4.252838, 5.477012, 5.484544, 4.610912
158133, 46.137344, 4.252838, 5.477012, 5.484544, 4.634808
158333, 46.16192, 4.252838, 5.477012, 5.484544, 4.658704
158534, 46.1824, 4.252838, 5.477012, 5.484544, 4.682592
158735, 46.206976, 4.252838, 5.477012, 5.484544, 4.706448
158935, 45.195264, 4.252838, 5.477012, 5.484544, 3.686104
159136, 45.21984, 4.252838, 5.477012, 5.484544, 3.709968
159337, 45.244416, 4.252838, 5.477012, 5.484544, 3.733832
159538, 45.268992, 4.252838, 5.477012, 5.484544, 3.757696
159744, 45.293568, 4.252838, 5.477012, 5.484544, 3.78156
159947, 45.314048, 4.252838, 5.477012, 5.484544, 3.805424
160146, 45.338624, 4.252838, 5.477012, 5.484544, 3.829288
160346, 45.3632, 4.252838, 5.477012, 5.484544, 3.853152
160573, 45.387776, 4.252838, 5.477012, 5.484544, 3.877032
160774, 45.408256, 4.252838, 5.477012, 5.484544, 3.900896
160976, 45.432832, 4.252838, 5.477012, 5.484544, 3.92476
161175, 45.453312, 4.252838, 5.477012, 5.484544, 3.948656
161375, 45.477888, 4.252838, 5.477012, 5.484544, 3.972552
161577, 45.502464, 4.252838, 5.477012, 5.484544, 3.996448
161778, 45.522944, 4.252838, 5.477012, 5.484544, 4.020344
161979, 45.535232, 4.252838, 5.477012, 5.484544, 4.03312
162187, 45.559808, 4.252838, 5.477012, 5.484544, 4.056984
162387, 45.584384, 4.252838, 5.477012, 5.484544, 4.080848
162587, 45.60896, 4.252838, 5.477012, 5.484544, 4.104712
162788, 45.62944, 4.252838, 5.477012, 5.484544, 4.128576
162989, 45.654016, 4.252838, 5.477012, 5.484544, 4.15244
163191, 45.678592, 4.252838, 5.477012, 5.484544, 4.176304
163391, 45.699072, 4.252838, 5.477012, 5.484544, 4.200176
163592, 45.723648, 4.252838, 5.477012, 5.484544, 4.22404
163792, 45.744128, 4.252838, 5.477012, 5.484544, 4.247904
163992, 45.768704, 4.252838, 5.477012, 5.484544, 4.2718
164192, 45.79328, 4.252838, 5.477012, 5.484544, 4.295656
164393, 45.817856, 4.252838, 5.477012, 5.484544, 4.31952
164593, 45.838336, 4.252838, 5.477012, 5.484544, 4.343384
164798, 45.862912, 4.252838, 5.477012, 5.484544, 4.367248
164997, 45.8752, 4.252838, 5.477012, 5.484544, 4.379848
165199, 45.899776, 4.252838, 5.477012, 5.484544, 4.403704
165400, 45.924352, 4.252838, 5.477012, 5.484544, 4.427568
165600, 45.948928, 4.252838, 5.477012, 5.484544, 4.451432
165801, 45.965312, 4.252838, 5.477012, 5.484544, 4.475368
166002, 45.989888, 4.252838, 5.477012, 5.484544, 4.499232
166204, 46.014464, 4.252838, 5.477012, 5.484544, 4.523096
166405, 46.03904, 4.252838, 5.477012, 5.484544, 4.54696
166613, 46.05952, 4.252838, 5.477012, 5.484544, 4.57084
166814, 46.084096, 4.252838, 5.477012, 5.484544, 4.594696
167015, 46.108672, 4.252838, 5.477012, 5.484544, 4.61856
167229, 46.133248, 4.252838, 5.477012, 5.484544, 4.642424
167430, 46.153728, 4.252838, 5.477012, 5.484544, 4.666288
167631, 46.178304, 4.252838, 5.477012, 5.484544, 4.690184
167832, 46.20288, 4.252838, 5.477012, 5.484544, 4.71408
168034, 45.191168, 4.252838, 5.477012, 5.484544, 3.693944
168234, 45.215744, 4.252838, 5.477012, 5.484544, 3.717808
168445, 45.24032, 4.252838, 5.477012, 5.484544, 3.741672
168645, 45.264896, 4.252838, 5.477012, 5.484544, 3.765536
168846, 45.285376, 4.252838, 5.477012, 5.484544, 3.7894
169046, 45.309952, 4.252838, 5.477012, 5.484544, 3.813256
169248, 45.572096, 4.252838, 5.477012, 5.746688, 3.848032
169457, 45.596672, 4.252838, 5.477012, 5.746688, 3.871888
169658, 45.621248, 4.252838, 5.477012, 5.746688, 3.89572
169859, 45.641728, 4.252838, 5.477012, 5.746688, 3.919552
170059, 45.666304, 4.252838, 5.477012, 5.746688, 3.943352
170259, 45.686784, 4.252838, 5.477012, 5.746688, 3.96716
170459, 45.699072, 4.252838, 5.477012, 5.746688, 3.979904
170660, 45.727744, 4.252838, 5.477012, 5.746688, 4.003704
170860, 45.748224, 4.252838, 5.477012, 5.746688, 4.027504
171067, 45.7728, 4.252838, 5.477012, 5.746688, 4.051304
171268, 45.797376, 4.252838, 5.477012, 5.746688, 4.07512
171482, 45.821952, 4.252838, 5.477012, 5.746688, 4.09892
171671, 45.842432, 4.252838, 5.477012, 5.746688, 4.12272
171872, 45.867008, 4.252838, 5.477012, 5.746688, 4.14652
172073, 45.809664, 4.252838, 5.477012, 5.746688, 4.172048
172273, 45.91616, 4.252838, 5.477012, 5.746688, 4.195752
172473, 45.93664, 4.252838, 5.477012, 5.746688, 4.219456
172673, 45.95712, 4.252838, 5.477012, 5.746688, 4.243192
172875, 45.981696, 4.252838, 5.477012, 5.746688, 4.266896
173074, 46.006272, 4.252838, 5.477012, 5.746688, 4.2906
173275, 46.030848, 4.252838, 5.477012, 5.746688, 4.314296
173484, 46.055424, 4.252838, 5.477012, 5.746688, 4.338
173685, 46.08, 4.252838, 5.477012, 5.746688, 4.361696
173884, 46.104576, 4.252838, 5.477012, 5.746688, 4.385392
174085, 46.125056, 4.252838, 5.477012, 5.746688, 4.409128
174286, 46.149632, 4.252838, 5.477012, 5.746688, 4.432864
174488, 46.174208, 4.252838, 5.477012, 5.746688, 4.4566
174689, 46.194688, 4.252838, 5.477012, 5.746688, 4.480328
174890, 46.215168, 4.252838, 5.477012, 5.746688, 4.504064
175091, 46.239744, 4.252838, 5.477012, 5.746688, 4.5278
175292, 46.26432, 4.252838, 5.477012, 5.746688, 4.551528
175491, 46.2848, 4.252838, 5.477012, 5.746688, 4.575256
175694, 46.309376, 4.252838, 5.477012, 5.746688, 4.598976
175893, 46.333952, 4.252838, 5.477012, 5.746688, 4.622712
176093, 46.358528, 4.252838, 5.477012, 5.746688, 4.646448
176295, 46.383104, 4.252838, 5.477012, 5.746688, 4.670184
176494, 46.395392, 4.252838, 5.477012, 5.746688, 4.682768
176695, 46.419968, 4.252838, 5.477012, 5.746688, 4.706504
176895, 46.44864, 4.252838, 5.477012, 5.746688, 4.732256
177103, 45.436928, 4.252838, 5.477012, 5.746688, 3.711576
177304, 45.461504, 4.252838, 5.477012, 5.746688, 3.73528
177504, 45.48608, 4.252838, 5.477012, 5.746688, 3.758984
177704, 45.50656, 4.252838, 5.477012, 5.746688, 3.782688
177905, 45.531136, 4.252838, 5.477012, 5.746688, 3.806416
178106, 45.555712, 4.252838, 5.477012, 5.746688, 3.83012
178309, 45.580288, 4.252838, 5.477012, 5.746688, 3.853824
178509, 45.600768, 4.252838, 5.477012, 5.746688, 3.877528
178710, 45.62944, 4.252838, 5.477012, 5.746688, 3.901264
178910, 45.654016, 4.252838, 5.477012, 5.746688, 3.924968
179111, 45.674496, 4.252838, 5.477012, 5.746688, 3.948672
179317, 45.694976, 4.252838, 5.477012, 5.746688, 3.972544
179517, 45.719552, 4.252838, 5.477012, 5.746688, 3.996304
179719, 45.744128, 4.26103, 5.485204, 5.746688, 4.020288
179920, 45.768704, 4.26103, 5.485204, 5.746688, 4.04404
180121, 45.789184, 4.26103, 5.485204, 5.746688, 4.067736
180322, 45.81376, 4.26103, 5.485204, 5.746688, 4.091472
180523, 45.838336, 4.26103, 5.485204, 5.746688, 4.115168
180726, 45.858816, 4.26103, 5.485204, 5.746688, 4.138872
180926, 45.883392, 4.26103, 5.485204, 5.746688, 4.162576
181126, 45.89568, 4.26103, 5.485204, 5.746688, 4.175272
181327, 45.920256, 4.26103, 5.485204, 5.746688, 4.198968
181528, 45.944832, 4.26103, 5.485204, 5.746688, 4.222672
181729, 45.965312, 4.26103, 5.485204, 5.746688, 4.24652
181930, 45.985792, 4.26103, 5.485204, 5.746688, 4.270216
182142, 46.014464, 4.26103, 5.485204, 5.746688, 4.295376
182341, 46.03904, 4.26103, 5.485204, 5.746688, 4.318824
182542, 46.05952, 4.26103, 5.485204, 5.746688, 4.342264
182743, 46.084096, 4.26103, 5.485204, 5.746688, 4.365704
182943, 46.108672, 4.26103, 5.485204, 5.746688, 4.389152
183143, 46.129152, 4.26103, 5.485204, 5.746688, 4.4126
183343, 46.153728, 4.26103, 5.485204, 5.746688, 4.436072
183544, 46.178304, 4.26103, 5.485204, 5.746688, 4.45952
183744, 46.198784, 4.26103, 5.485204, 5.746688, 4.48296
183945, 46.219264, 4.26103, 5.485204, 5.746688, 4.506488
184147, 46.24384, 4.26103, 5.485204, 5.746688, 4.529968
184349, 46.26432, 4.26103, 5.485204, 5.746688, 4.553432
184550, 46.288896, 4.26103, 5.485204, 5.746688, 4.576872
184750, 46.317568, 4.26103, 5.485204, 5.746688, 4.600352
184953, 46.338048, 4.26103, 5.485204, 5.746688, 4.623832
185154, 46.362624, 4.26103, 5.485204, 5.746688, 4.647312
185357, 46.3872, 4.26103, 5.485204, 5.746688, 4.670792
185557, 46.40768, 4.26103, 5.485204, 5.746688, 4.694256
185758, 46.432256, 4.26103, 5.485204, 5.746688, 4.71772
185957, 46.444544, 4.26103, 5.485204, 5.746688, 4.730096
186158, 46.46912, 4.26103, 5.485204, 5.746688, 4.753576
186360, 45.457408, 4.26103, 5.485204, 5.746688, 3.733024
186561, 45.400064, 4.26103, 5.485204, 5.746688, 3.759512
186761, 45.50656, 4.26103, 5.485204, 5.746688, 3.782928
186962, 45.531136, 4.26103, 5.485204, 5.746688, 3.806304
187163, 45.555712, 4.26103, 5.485204, 5.746688, 3.829688
187370, 45.576192, 4.26103, 5.485204, 5.746688, 3.853072
187571, 45.600768, 4.26103, 5.485204, 5.746688, 3.876456
187773, 45.625344, 4.26103, 5.485204, 5.746688, 3.89984
187972, 45.645824, 4.26103, 5.485204, 5.746688, 3.923248
188173, 45.6704, 4.26103, 5.485204, 5.746688, 3.946664
188373, 45.71136, 4.26103, 5.485204, 5.746688, 3.98604
188574, 45.735936, 4.26103, 5.485204, 5.746688, 4.009688
188776, 45.756416, 4.26103, 5.485204, 5.746688, 4.0332
188976, 45.780992, 4.26103, 5.485204, 5.746688, 4.056736
189177, 45.805568, 4.26103, 5.485204, 5.746688, 4.080248
189378, 45.91616, 19.98982, 21.213988, 5.746688, 4.18524
189578, 73.179136, 48.301372, 49.52554, 5.746688, 4.32588
189778, 94.65856, 14.697644, 15.921812, 5.746688, 3.638936
189978, 94.773248, 40.912044, 42.136212, 5.746688, 3.75288
190179, 94.855168, 63.98071, 65.204884, 5.746688, 3.883
190379, 94.941184, 63.980854, 65.205028, 5.746688, 3.933568
190589, 96.874496, 32.523436, 33.747604, 5.746688, 3.593576
190789, 97.030144, 66.077868, 67.302036, 5.746688, 3.757136
190990, 97.902592, 30.426284, 31.650452, 5.746688, 3.606568
191189, 98.033664, 52.446374, 53.670548, 5.746688, 3.738304
191389, 98.185216, 68.175164, 69.399332, 5.746688, 3.868064
191593, 85.46304, 28.329132, 29.5533, 5.746688, 3.614568
191793, 85.590016, 57.68926, 58.913428, 5.746688, 3.747456
191993, 97.796096, 19.940524, 21.164692, 5.746688, 3.555536
192194, 97.97632, 40.912038, 42.136212, 5.746688, 3.679056
192395, 98.05824, 51.397948, 52.622116, 5.746688, 3.788664
192595, 93.282304, 11.551916, 12.776084, 5.746688, 3.527552
192797, 93.507584, 38.814892, 40.03906, 5.746688, 3.680992
192997, 93.638656, 65.029292, 66.25346, 5.746688, 3.817544
193198, 98.54976, 28.329132, 29.5533, 5.746688, 3.609584
193406, 98.615296, 29.377702, 30.601876, 5.746688, 3.673112
193607, 98.832384, 62.932284, 64.156452, 5.746688, 3.867456
193808, 92.966912, 25.183404, 26.407572, 5.746688, 3.60928
194015, 93.10208, 49.300652, 50.52482, 5.746688, 3.74636
194214, 97.886208, 11.551916, 12.776084, 5.746688, 3.519368
194414, 98.05824, 17.843366, 19.06754, 5.746688, 3.6224
194615, 98.115584, 17.843366, 19.06754, 5.746688, 3.67944
194816, 98.168832, 17.843366, 19.06754, 5.746688, 3.736448
195017, 98.226176, 17.843366, 19.06754, 5.746688, 3.793448
195218, 98.279424, 17.843366, 19.06754, 5.746688, 3.850448
195434, 98.336768, 17.843366, 19.06754, 5.746688, 3.907352
195635, 98.394112, 17.843366, 19.06754, 5.746688, 3.9644
195836, 98.44736, 17.843366, 19.06754, 5.746688, 4.021472
196036, 98.504704, 17.843366, 19.06754, 5.746688, 4.078512
196237, 98.562048, 17.843366, 19.06754, 5.746688, 4.13556
196438, 98.615296, 17.843366, 19.06754, 5.746688, 4.192632
196638, 98.67264, 17.843366, 19.06754, 5.746688, 4.24968
196839, 98.725888, 17.843366, 19.06754, 5.746688, 4.306808
197041, 98.783232, 17.843366, 19.06754, 5.746688, 4.363856
197241, 98.811904, 17.843366, 19.06754, 5.746688, 4.393064
197443, 98.869248, 17.843366, 19.06754, 5.746688, 4.450136
197644, 98.922496, 17.843366, 19.06754, 5.746688, 4.50724
197844, 38.346752, 1.06615, 2.290324, 5.746688, 3.549952
198045, 38.404096, 1.06615, 2.290324, 5.746688, 3.607048
198244, 38.46144, 1.06615, 2.290324, 5.746688, 3.664096
198445, 38.518784, 1.06615, 2.290324, 5.746688, 3.721152
198646, 38.572032, 1.06615, 2.290324, 5.746688, 3.778216
198847, 38.600704, 1.06615, 2.290324, 5.746688, 3.807424
199048, 38.658048, 1.06615, 2.290324, 5.746688, 3.864472
199249, 38.711296, 1.06615, 2.290324, 5.746688, 3.92152
199463, 38.76864, 1.06615, 2.290324, 5.746688, 3.978584
199664, 38.793216, 1.06615, 2.290324, 5.746688, 4.007976
199865, 38.85056, 1.06615, 2.290324, 5.746688, 4.065024
200065, 38.907904, 1.06615, 2.290324, 5.746688, 4.122056
200266, 38.965248, 1.06615, 2.290324, 5.746688, 4.179104
200467, 39.022592, 1.06615, 2.290324, 5.746688, 4.236176
200668, 39.071744, 1.06615, 2.290324, 5.746688, 4.293264
200869, 39.112704, 1.06615, 2.290324, 5.746688, 4.351456
201070, 39.182336, 1.06615, 2.290324, 5.746688, 4.408504
201271, 39.23968, 1.06615, 2.290324, 5.746688, 4.465552
201473, 39.297024, 1.06615, 2.290324, 5.746688, 4.522608
201672, 38.33856, 1.06615, 2.290324, 5.746688, 3.542928
201873, 38.395904, 1.06615, 2.290324, 5.746688, 3.59996
202074, 38.453248, 1.06615, 2.290324, 5.746688, 3.657
202274, 38.506496, 1.06615, 2.290324, 5.746688, 3.71404
202475, 38.559744, 1.06615, 2.290324, 5.746688, 3.771112
202676, 38.588416, 1.06615, 2.290324, 5.746688, 3.80032
202876, 38.64576, 1.06615, 2.290324, 5.746688, 3.85824
203077, 38.703104, 1.06615, 2.290324, 5.746688, 3.915272
203278, 38.760448, 1.06615, 2.290324, 5.746688, 3.97232
203491, 38.813696, 1.06615, 2.290324, 5.746688, 4.029432
203692, 38.866944, 1.06615, 2.290324, 5.746688, 4.08648
203893, 38.924288, 1.06615, 2.290324, 5.746688, 4.14352
204094, 38.981632, 1.06615, 2.290324, 5.746688, 4.20056
204295, 39.038976, 1.06615, 2.290324, 5.746688, 4.2576
204494, 39.092224, 1.06615, 2.290324, 5.746688, 4.314688
204694, 39.145472, 1.06615, 2.290324, 5.746688, 4.371736
204895, 39.17824, 1.06615, 2.290324, 5.746688, 4.400944
205098, 39.231488, 1.06615, 2.290324, 5.746688, 4.457976
205299, 39.288832, 1.06615, 2.290324, 5.746688, 4.515024
205500, 38.313984, 1.06615, 2.290324, 5.746688, 3.528064
205702, 38.367232, 1.06615, 2.290324, 5.746688, 3.585168
205902, 38.424576, 1.06615, 2.290324, 5.746688, 3.642216
206104, 38.48192, 1.06615, 2.290324, 5.746688, 3.699264
206330, 38.539264, 1.06615, 2.290324, 5.746688, 3.75632
206530, 38.56384, 1.074342, 2.298516, 5.746688, 3.786216
206731, 38.621184, 1.074342, 2.298516, 5.746688, 3.843304
206932, 38.678528, 1.074342, 2.298516, 5.746688, 3.900352
207166, 38.735872, 1.074342, 2.298516, 5.746688, 3.9574
207361, 38.78912, 1.074342, 2.298516, 5.746688, 4.014464
207561, 38.842368, 1.074342, 2.298516, 5.746688, 4.071536
207762, 38.899712, 1.074342, 2.298516, 5.746688, 4.128584
207966, 38.957056, 1.074342, 2.298516, 5.746688, 4.185632
208167, 39.0144, 1.074342, 2.298516, 5.746688, 4.24268
208367, 39.043072, 1.074342, 2.298516, 5.746688, 4.271872
208577, 39.09632, 1.074342, 2.298516, 5.746688, 4.328952
208769, 39.149568, 1.074342, 2.298516, 5.746688, 4.385992
208970, 39.206912, 1.074342, 2.298516, 5.746688, 4.44304
209174, 39.264256, 1.074342, 2.298516, 5.746688, 4.500088
209375, 39.3216, 1.074342, 2.298516, 5.746688, 4.55716
209577, 38.31808, 1.074342, 2.298516, 5.746688, 3.542272
209776, 38.371328, 1.074342, 2.298516, 5.746688, 3.599312
209979, 38.428672, 1.074342, 2.298516, 5.746688, 3.65636
210180, 38.486016, 1.074342, 2.298516, 5.746688, 3.713408
210381, 38.54336, 1.074342, 2.298516, 5.746688, 3.77048
210588, 38.596608, 1.074342, 2.298516, 5.746688, 3.827528
210789, 38.649856, 1.074342, 2.298516, 5.746688, 3.884576
210989, 38.7072, 1.074342, 2.298516, 5.746688, 3.941624
211191, 38.764544, 1.074342, 2.298516, 5.746688, 3.998656
211398, 38.817792, 1.074342, 2.298516, 5.746688, 4.05576
211599, 38.875136, 1.074342, 2.298516, 5.746688, 4.112808
211799, 38.93248, 1.074342, 2.298516, 5.746688, 4.169856
212000, 38.961152, 1.074342, 2.298516, 5.746688, 4.199056
212206, 39.0144, 1.074342, 2.298516, 5.746688, 4.256104
212411, 39.067648, 1.074342, 2.298516, 5.746688, 4.313144
212612, 39.124992, 1.074342, 2.298516, 5.746688, 4.370192
212812, 39.182336, 1.074342, 2.298516, 5.746688, 4.443032
213013, 39.243776, 1.074342, 2.298516, 5.746688, 4.500048
213213, 39.297024, 1.074342, 2.298516, 5.746688, 4.55712
213413, 38.326272, 1.074342, 2.298516, 5.746688, 3.568864
213616, 38.37952, 1.074342, 2.298516, 5.746688, 3.625912
213816, 38.436864, 1.074342, 2.298516, 5.746688, 3.683008
214016, 38.494208, 1.074342, 2.298516, 5.746688, 3.740056
214222, 38.551552, 1.074342, 2.298516, 5.746688, 3.797104
214423, 38.6048, 1.074342, 2.298516, 5.746688, 3.854184
214623, 38.633472, 1.074342, 2.298516, 5.746688, 3.883376
214824, 38.690816, 1.074342, 2.298516, 5.746688, 3.940424
215025, 38.744064, 1.074342, 2.298516, 5.746688, 3.997472
215226, 38.801408, 1.074342, 2.298516, 5.746688, 4.05452
215427, 38.854656, 1.074342, 2.298516, 5.746688, 4.11176
215629, 38.912, 1.074342, 2.298516, 5.746688, 4.168808
215847, 38.969344, 1.074342, 2.298516, 5.746688, 4.22584
216051, 38.998016, 1.074342, 2.298516, 5.746688, 4.255048
216251, 39.05536, 1.074342, 2.298516, 5.746688, 4.312096
216451, 39.108608, 1.074342, 2.298516, 5.746688, 4.369352
216652, 39.161856, 1.074342, 2.298516, 5.746688, 4.4264
216852, 39.2192, 1.074342, 2.298516, 5.746688, 4.48344
217052, 39.276544, 1.074342, 2.298516, 5.746688, 4.540472
217253, 39.333888, 1.074342, 2.298516, 5.746688, 4.59752
217453, 38.326272, 1.074342, 2.298516, 5.746688, 3.581856
217654, 38.383616, 1.074342, 2.298516, 5.746688, 3.638872
217870, 38.44096, 1.074342, 2.298516, 5.746688, 3.69592
218069, 38.498304, 1.074342, 2.298516, 5.746688, 3.752952
218275, 38.555648, 1.074342, 2.298516, 5.746688, 3.81
218488, 38.6048, 1.074342, 2.298516, 5.746688, 3.867064
218688, 38.662144, 1.074342, 2.298516, 5.746688, 3.924072
218890, 38.719488, 1.074342, 2.298516, 5.746688, 3.98112
219111, 38.776832, 1.074342, 2.298516, 5.746688, 4.038168
219312, 39.227392, 1.074342, 2.298516, 5.746688, 4.116104
219512, 39.391232, 1.074342, 2.298516, 5.746688, 4.1732
219713, 39.448576, 1.074342, 2.298516, 5.746688, 4.23024
219915, 39.501824, 1.074342, 2.298516, 5.746688, 4.287288
220114, 39.559168, 1.074342, 2.298516, 5.746688, 4.344336
220315, 39.612416, 1.074342, 2.298516, 5.746688, 4.401432
220516, 39.66976, 1.074342, 2.298516, 5.746688, 4.458504
220718, 39.579648, 1.074342, 2.298516, 5.746688, 4.488744
220918, 39.755776, 1.074342, 2.298516, 5.746688, 4.545728
221129, 39.809024, 1.074342, 2.298516, 5.746688, 4.602712
221331, 39.841792, 1.074342, 2.298516, 5.746688, 4.631888
221531, 38.866944, 1.074342, 2.298516, 5.746688, 3.644024
221731, 38.924288, 1.074342, 2.298516, 5.746688, 3.700976
221932, 38.977536, 1.074342, 2.298516, 5.746688, 3.757984
222146, 39.03488, 1.074342, 2.298516, 5.746688, 3.814968
222349, 39.063552, 1.074342, 2.298516, 5.746688, 3.844136
222553, 39.1168, 1.074342, 2.298516, 5.746688, 3.901216
222755, 39.174144, 1.074342, 2.298516, 5.746688, 3.958184
222966, 39.231488, 1.074342, 2.298516, 5.746688, 4.015168
223179, 39.288832, 1.074342, 2.298516, 5.746688, 4.072152
223380, 39.34208, 1.074342, 2.298516, 5.746688, 4.129128
223581, 39.395328, 1.074342, 2.298516, 5.746688, 4.18624
223781, 39.452672, 1.074342, 2.298516, 5.746688, 4.243224
224004, 39.510016, 1.074342, 2.298516, 5.746688, 4.300208
224198, 39.56736, 1.074342, 2.298516, 5.746688, 4.357192
224399, 39.616512, 1.074342, 2.298516, 5.746688, 4.414224
224601, 39.645184, 1.074342, 2.298516, 5.746688, 4.4434
224802, 39.702528, 1.074342, 2.298516, 5.746688, 4.500376
225003, 39.759872, 1.074342, 2.298516, 5.746688, 4.55736
225204, 39.817216, 1.074342, 2.298516, 5.746688, 4.614344
225404, 38.842368, 1.074342, 2.298516, 5.746688, 3.625864
225611, 38.899712, 1.074342, 2.298516, 5.746688, 3.682816
225811, 38.928384, 1.074342, 2.298516, 5.746688, 3.71196
226011, 38.985728, 1.074342, 2.298516, 5.746688, 3.768944
226215, 39.038976, 1.074342, 2.298516, 5.746688, 3.825928
226416, 39.09632, 1.074342, 2.298516, 5.746688, 3.882904
226620, 39.149568, 1.074342, 2.298516, 5.746688, 3.940024
226831, 39.206912, 1.074342, 2.298516, 5.746688, 3.996976
227032, 39.264256, 1.074342, 2.298516, 5.746688, 4.053928
227233, 39.317504, 1.074342, 2.298516, 5.746688, 4.11088
227436, 39.370752, 1.074342, 2.298516, 5.746688, 4.167896
227637, 39.428096, 1.074342, 2.298516, 5.746688, 4.22488
227838, 39.48544, 1.074342, 2.298516, 5.746688, 4.281864
228039, 39.542784, 1.074342, 2.298516, 5.746688, 4.33884
228244, 39.596032, 1.074342, 2.298516, 5.746688, 4.395824
228444, 39.64928, 1.074342, 2.298516, 5.746688, 4.452832
228645, 39.706624, 1.074342, 2.298516, 5.746688, 4.509808
228846, 39.763968, 1.074342, 2.298516, 5.746688, 4.566792
229047, 39.79264, 1.074342, 2.298516, 5.746688, 4.595968
229253, 39.849984, 1.074342, 2.298516, 5.746688, 4.652944
229454, 38.87104, 1.074342, 2.298516, 5.746688, 3.66468
229655, 38.928384, 1.074342, 2.298516, 5.746688, 3.721648
229855, 38.985728, 1.074342, 2.298516, 5.746688, 3.7786
230056, 39.038976, 1.074342, 2.298516, 5.746688, 3.8356
230258, 39.09632, 1.074342, 2.298516, 5.746688, 3.892544
230459, 39.149568, 1.074342, 2.298516, 5.746688, 3.949544
230660, 39.17824, 1.074342, 2.298516, 5.746688, 3.978688
230860, 39.235584, 1.074342, 2.298516, 5.746688, 4.03564
231064, 39.292928, 1.074342, 2.298516, 5.746688, 4.092624
231279, 39.223296, 1.074342, 2.298516, 5.746688, 4.150784
231479, 39.399424, 1.074342, 2.298516, 5.746688, 4.20788
231680, 39.456768, 1.074342, 2.298516, 5.746688, 4.264864
231881, 39.514112, 1.074342, 2.298516, 5.746688, 4.321848
232081, 39.571456, 1.074342, 2.298516, 5.746688, 4.378832
232281, 39.624704, 1.074342, 2.298516, 5.746688, 4.435976
232482, 39.677952, 1.074342, 2.298516, 5.746688, 4.492984
232682, 39.735296, 1.074342, 2.298516, 5.746688, 4.549968
232883, 39.79264, 1.082534, 2.306708, 5.746688, 4.6072
233096, 39.821312, 1.082534, 2.306708, 5.746688, 4.636384
233297, 38.842368, 1.082534, 2.306708, 5.746688, 3.648432
233536, 38.899712, 1.082534, 2.306708, 5.746688, 3.705408
233735, 38.834176, 1.082534, 2.306708, 5.746688, 3.768872
233936, 39.0144, 1.082534, 2.306708, 5.746688, 3.825856
234137, 39.071744, 1.082534, 2.306708, 5.746688, 3.8828
234337, 39.120896, 1.082534, 2.306708, 5.746688, 3.939768
234547, 39.17824, 1.082534, 2.306708, 5.746688, 3.996776
234750, 39.235584, 1.082534, 2.306708, 5.746688, 4.053728
234951, 39.264256, 1.082534, 2.306708, 5.746688, 4.082872
235152, 39.3216, 1.082534, 2.306708, 5.746688, 4.139824
235353, 39.374848, 1.082534, 2.306708, 5.746688, 4.196816
235554, 39.428096, 1.082534, 2.306708, 5.746688, 4.253824
235777, 39.48544, 1.082534, 2.306708, 5.746688, 4.310776
235978, 39.542784, 1.082534, 2.306708, 5.746688, 4.367728
236179, 39.600128, 1.082534, 2.306708, 5.746688, 4.42468
236381, 39.653376, 1.082534, 2.306708, 5.746688, 4.481776
236581, 39.706624, 1.082534, 2.306708, 5.746688, 4.538784
236781, 39.763968, 1.082534, 2.306708, 5.746688, 4.595736
236981, 39.821312, 1.082534, 2.306708, 5.746688, 4.652688
237183, 38.846464, 1.082534, 2.306708, 5.746688, 3.664488
237395, 38.903808, 1.082534, 2.306708, 5.746688, 3.721496
237596, 38.961152, 1.082534, 2.306708, 5.746688, 3.77848
237797, 39.018496, 1.082534, 2.306708, 5.746688, 3.835432
238006, 39.071744, 1.082534, 2.306708, 5.746688, 3.892416
238206, 39.124992, 1.082534, 2.306708, 5.746688, 3.949592
238412, 39.182336, 1.082534, 2.306708, 5.746688, 4.006568
238613, 39.23968, 1.082534, 2.306708, 5.746688, 4.06352
238813, 39.297024, 1.082534, 2.306708, 5.746688, 4.120464
239014, 39.358464, 1.082534, 2.306708, 5.746688, 4.177416
239215, 39.407616, 1.082534, 2.306708, 5.746688, 4.23448
239416, 39.46496, 1.082534, 2.306708, 5.746688, 4.291488
239617, 39.522304, 1.082534, 2.306708, 5.746688, 4.348464
239818, 39.579648, 1.082534, 2.306708, 5.746688, 4.405448
240021, 39.632896, 1.082534, 2.306708, 5.746688, 4.462416
240226, 39.661568, 1.082534, 2.306708, 5.746688, 4.491592
240426, 39.714816, 1.082534, 2.306708, 5.746688, 4.5486
240627, 39.776256, 1.082534, 2.306708, 5.746688, 4.605576
240837, 39.829504, 1.082534, 2.306708, 5.746688, 4.663504
241038, 38.858752, 1.082534, 2.306708, 5.746688, 3.706624
241238, 38.916096, 1.082534, 2.306708, 5.746688, 3.76348
241439, 38.969344, 1.082534, 2.306708, 5.746688, 3.82036
241640, 39.026688, 1.082534, 2.306708, 5.746688, 3.877184
241840, 39.084032, 1.082534, 2.306708, 5.746688, 3.93404
242046, 39.141376, 1.082534, 2.306708, 5.746688, 3.990912
242247, 39.19872, 1.082534, 2.306708, 5.746688, 4.047768
242448, 39.251968, 1.082534, 2.306708, 5.746688, 4.10464
242650, 39.309312, 1.082534, 2.306708, 5.746688, 4.161496
242851, 39.36256, 1.082534, 2.306708, 5.746688, 4.218408
243051, 39.419904, 1.082534, 2.306708, 5.746688, 4.275256
243252, 39.473152, 1.082534, 2.306708, 5.746688, 4.332112
243453, 39.530496, 1.082534, 2.306708, 5.746688, 4.388992
243654, 39.591936, 1.082534, 2.306708, 5.746688, 4.445848
243871, 39.645184, 1.082534, 2.306708, 5.746688, 4.502712
244079, 39.673856, 1.082534, 2.306708, 5.746688, 4.531792
244280, 39.7312, 1.082534, 2.306708, 5.746688, 4.588648
244484, 39.784448, 1.082534, 2.306708, 5.746688, 4.645512
244685, 39.841792, 1.082534, 2.306708, 5.746688, 4.702368
244886, 38.89152, 1.082534, 2.306708, 5.746688, 3.71416
245087, 38.948864, 1.082534, 2.306708, 5.746688, 3.771
245287, 39.010304, 1.082534, 2.306708, 5.746688, 3.827848
245491, 39.067648, 1.082534, 2.306708, 5.746688, 3.884728
245692, 39.120896, 1.082534, 2.306708, 5.746688, 3.941552
245894, 39.174144, 1.082534, 2.306708, 5.746688, 3.998416
246096, 39.231488, 1.082534, 2.306708, 5.746688, 4.05524
246298, 39.288832, 1.082534, 2.306708, 5.746688, 4.11212
246499, 39.346176, 1.082534, 2.306708, 5.746688, 4.168944
246700, 39.395328, 1.082534, 2.306708, 5.746688, 4.225824
246901, 39.452672, 1.082534, 2.306708, 5.746688, 4.282648
247103, 39.514112, 1.082534, 2.306708, 5.746688, 4.339472
247304, 39.542784, 1.082534, 2.306708, 5.746688, 4.368552
247505, 39.600128, 1.082534, 2.306708, 5.746688, 4.425376
247705, 39.64928, 1.082534, 2.306708, 5.746688, 4.482216
247929, 39.706624, 1.082534, 2.306708, 5.746688, 4.53904
248163, 39.837696, 6.325558, 7.549732, 5.746688, 4.641
248367, 45.092864, 15.762748, 16.986916, 5.746688, 3.774352
248569, 79.50336, 55.608774, 56.832948, 5.746688, 3.995576
248781, 98.009088, 52.446374, 53.670548, 5.746688, 3.785984
248983, 105.230336, 35.669158, 36.893332, 5.746688, 3.69056
249183, 86.093824, 25.183398, 26.407572, 5.746688, 3.63296
249446, 104.964096, 17.843366, 19.06754, 5.746688, 3.507968
249646, 105.234432, 66.077862, 67.302036, 5.746688, 3.713264
249891, 111.427584, 32.52343, 33.747604, 5.746688, 3.611096
250106, 86.130688, 11.55191, 12.776084, 5.746688, 3.434072
250323, 87.465984, 60.835006, 62.059156, 5.746688, 3.759624
250523, 110.370816, 28.329126, 29.5533, 5.746688, 3.581656
250752, 94.588928, 7.357606, 8.58178, 5.746688, 3.516904
250953, 94.806016, 45.106342, 46.330516, 5.746688, 3.730944
251154, 94.973952, 45.106342, 46.330516, 5.746688, 3.82692
251355, 95.06816, 45.106342, 46.330516, 5.746688, 3.921104
251558, 95.158272, 45.106342, 46.330516, 5.746688, 4.015304
251762, 95.207424, 45.106342, 46.330516, 5.746688, 4.062944
251963, 95.297536, 45.106342, 46.330516, 5.746688, 4.157128
252164, 95.391744, 45.106342, 46.330516, 5.746688, 4.251376
252364, 95.481856, 45.106342, 46.330516, 5.746688, 4.345424
252565, 95.55968, 45.106342, 46.330516, 5.746688, 4.441472
252765, 65.929216, 2.114726, 3.3389, 5.746688, 3.525576
252967, 66.023424, 2.114726, 3.3389, 5.746688, 3.619688
253168, 66.113536, 2.114726, 3.3389, 5.746688, 3.714056
253413, 66.158592, 2.114726, 3.3389, 5.746688, 3.761824
253614, 66.2528, 2.114726, 3.3389, 5.746688, 3.856192
253813, 66.347008, 2.114726, 3.3389, 5.746688, 3.950552
254014, 66.43712, 2.114726, 3.3389, 5.746688, 4.044776
254215, 66.531328, 2.114726, 3.3389, 5.746688, 4.139264
254416, 66.62144, 2.114726, 3.3389, 5.746688, 4.233816
254633, 66.711552, 2.114726, 3.3389, 5.746688, 4.328104
254834, 66.80576, 2.114726, 3.3389, 5.746688, 4.4226
255035, 66.899968, 2.114726, 3.3389, 5.746688, 4.517088
255237, 65.982464, 2.114726, 3.3389, 5.746688, 3.573056
255438, 66.076672, 2.114726, 3.3389, 5.746688, 3.667648
255639, 66.101248, 2.114726, 3.3389, 5.746688, 3.71676
255846, 66.220032, 2.114726, 3.3389, 5.746688, 3.81136
256046, 66.31424, 2.114726, 3.3389, 5.746688, 3.905952
256247, 66.408448, 2.114726, 3.3389, 5.746688, 4.000536
256449, 66.49856, 2.114726, 3.3389, 5.746688, 4.095352
256650, 66.592768, 2.114726, 3.3389, 5.746688, 4.189936
256853, 66.68288, 2.114726, 3.3389, 5.746688, 4.284648
257053, 66.859008, 2.114726, 3.3389, 5.746688, 4.402272
257254, 66.957312, 2.114726, 3.3389, 5.746688, 4.4948
257455, 66.015232, 2.114726, 3.3389, 5.746688, 3.542832
257684, 66.105344, 2.114726, 3.3389, 5.746688, 3.63536
257884, 66.199552, 2.114726, 3.3389, 5.746688, 3.727888
258104, 66.285568, 2.114726, 3.3389, 5.746688, 3.820512
258305, 66.37568, 2.114726, 3.3389, 5.746688, 3.914904
258508, 66.469888, 2.114726, 3.3389, 5.746688, 4.00736
258708, 66.514944, 2.114726, 3.3389, 5.746688, 4.054264
258908, 66.605056, 2.114726, 3.3389, 5.746688, 4.146744
259111, 66.695168, 2.114726, 3.3389, 5.746688, 4.239208
259316, 66.78528, 2.114726, 3.3389, 5.746688, 4.3318
259515, 66.875392, 2.114726, 3.3389, 5.746688, 4.42428
259716, 66.965504, 2.114726, 3.3389, 5.746688, 4.516744
259917, 66.023424, 2.114726, 3.3389, 5.746688, 3.564032
260118, 66.117632, 2.122918, 3.347092, 5.746688, 3.657104
260319, 66.162688, 2.122918, 3.347092, 5.746688, 3.704064
260519, 66.256896, 2.122918, 3.347092, 5.746688, 3.79656
260721, 66.342912, 2.122918, 3.347092, 5.746688, 3.889064
260922, 66.433024, 2.122918, 3.347092, 5.746688, 3.981536
261131, 66.523136, 2.122918, 3.347092, 5.746688, 4.074016
261332, 66.568192, 2.122918, 3.347092, 5.746688, 4.120928
261533, 66.6624, 2.122918, 3.347092, 5.746688, 4.213424
261745, 66.752512, 2.122918, 3.347092, 5.746688, 4.30588
261945, 66.842624, 2.122918, 3.347092, 5.746688, 4.39836
262157, 66.932736, 2.122918, 3.347092, 5.746688, 4.490832
262357, 67.022848, 2.122918, 3.347092, 5.746688, 4.583328
262557, 66.080768, 2.122918, 3.347092, 5.746688, 3.630152
262772, 66.174976, 2.122918, 3.347092, 5.746688, 3.722624
262973, 66.260992, 2.122918, 3.347092, 5.746688, 3.815096
263195, 66.351104, 2.122918, 3.347092, 5.746688, 3.907568
263396, 66.4576, 2.123062, 3.347236, 5.746688, 4.09388
263609, 71.970816, 47.212118, 48.436292, 5.746688, 4.3822
263840, 101.810176, 37.76631, 38.990484, 5.746688, 3.807816
264051, 106.897408, 17.843366, 19.06754, 5.746688, 3.702016
264254, 85.323776, 18.891942, 20.116116, 5.746688, 3.655096
264459, 90.4192, 63.98071, 65.204884, 5.746688, 3.953136
264673, 107.552768, 57.689254, 58.913428, 5.746688, 3.824048
264881, 96.0512, 47.203494, 48.427668, 5.746688, 3.719856
265095, 105.304064, 30.426278, 31.650452, 5.746688, 3.645712
265338, 106.377216, 36.717734, 37.941908, 5.746688, 3.698544
265558, 108.453888, 24.134822, 25.358996, 5.746688, 3.694104
265790, 63.668224, 1.06615, 2.290324, 6.008832, 3.537344
265991, 63.926272, 1.06615, 2.290324, 6.008832, 3.674264
266192, 64.049152, 1.06615, 2.290324, 6.008832, 3.8016
266393, 64.176128, 1.06615, 2.290324, 6.008832, 3.92868
266594, 64.294912, 1.06615, 2.290324, 6.008832, 4.055976
266795, 64.421888, 1.06615, 2.290324, 6.008832, 4.18328
266996, 64.544768, 1.06615, 2.290324, 6.008832, 4.31036
267215, 64.67584, 1.06615, 2.290324, 6.008832, 4.437656
267420, 63.807488, 1.06615, 2.290324, 6.008832, 3.557072
267620, 63.873024, 1.06615, 2.290324, 6.008832, 3.621288
267822, 63.995904, 1.06615, 2.290324, 6.008832, 3.74996
268023, 64.114688, 1.06615, 2.290324, 6.008832, 3.87704
268223, 64.241664, 1.06615, 2.290324, 6.008832, 4.004336
268424, 64.364544, 1.06615, 2.290324, 6.008832, 4.13184
268626, 64.499712, 1.06615, 2.290324, 6.008832, 4.26004
268844, 64.622592, 1.06615, 2.290324, 6.008832, 4.388496
269045, 64.684032, 1.06615, 2.290324, 6.008832, 4.452712
269247, 63.803392, 1.06615, 2.290324, 6.008832, 3.539816
269450, 63.930368, 1.06615, 2.290324, 6.008832, 3.667144
269651, 64.049152, 1.06615, 2.290324, 6.008832, 3.794216
269852, 64.176128, 1.06615, 2.290324, 6.008832, 3.921488
270063, 64.303104, 1.06615, 2.290324, 6.008832, 4.04876
270264, 64.425984, 1.06615, 2.290324, 6.008832, 4.175888
270476, 64.55296, 1.06615, 2.290324, 6.008832, 4.305264
270668, 64.67584, 1.06615, 2.290324, 6.008832, 4.432704
270869, 64.802816, 1.06615, 2.290324, 6.008832, 4.560064
271070, 63.893504, 1.06615, 2.290324, 6.008832, 3.641992
271273, 64.02048, 1.06615, 2.290324, 6.008832, 3.769392
271474, 64.08192, 1.06615, 2.290324, 6.008832, 3.833808
271673, 64.2048, 1.06615, 2.290324, 6.008832, 3.961192
271874, 64.32768, 1.06615, 2.290324, 6.008832, 4.088672
272077, 64.454656, 1.06615, 2.290324, 6.008832, 4.216056
272279, 64.577536, 1.06615, 2.290324, 6.008832, 4.343472
272486, 64.704512, 1.06615, 2.290324, 6.008832, 4.470896
272687, 63.7952, 1.06615, 2.290324, 6.008832, 3.553208
272892, 63.922176, 1.06615, 2.290324, 6.008832, 3.680592
273093, 64.049152, 1.06615, 2.290324, 6.008832, 3.808016
273298, 64.110592, 1.06615, 2.290324, 6.008832, 3.872368
273497, 64.237568, 1.06615, 2.290324, 6.008832, 3.999792
273698, 64.360448, 1.06615, 2.290324, 6.008832, 4.127208
273900, 64.483328, 1.06615, 2.290324, 6.008832, 4.254608
274100, 64.606208, 1.06615, 2.290324, 6.008832, 4.382136
274306, 64.733184, 1.06615, 2.290324, 6.008832, 4.509536
274506, 63.83616, 1.06615, 2.290324, 6.008832, 3.597992
274706, 63.95904, 1.06615, 2.290324, 6.008832, 3.725376
274906, 64.08192, 1.06615, 2.290324, 6.008832, 3.852824
275110, 64.208896, 1.06615, 2.290324, 6.008832, 3.980184
275334, 64.274432, 1.06615, 2.290324, 6.008832, 4.044584
275536, 64.397312, 1.06615, 2.290324, 6.008832, 4.172032
275735, 64.524288, 1.06615, 2.290324, 6.008832, 4.299432
275936, 64.647168, 1.06615, 2.290324, 6.008832, 4.42684
276137, 64.770048, 1.06615, 2.290324, 6.008832, 4.554232
276338, 63.864832, 1.06615, 2.290324, 6.008832, 3.6366
276540, 63.991808, 1.06615, 2.290324, 6.008832, 3.764016
276741, 64.053248, 1.06615, 2.290324, 6.008832, 3.828392
276943, 64.176128, 1.06615, 2.290324, 6.008832, 3.95584
277144, 64.303104, 1.06615, 2.290324, 6.008832, 4.0832
277345, 64.425984, 1.06615, 2.290324, 6.008832, 4.21208
277548, 64.55296, 1.06615, 2.290324, 6.008832, 4.339464
277747, 64.67584, 1.06615, 2.290324, 6.008832, 4.466856
277948, 64.802816, 1.06615, 2.290324, 6.008832, 4.594216
278149, 63.893504, 1.06615, 2.290324, 6.008832, 3.675936
278350, 64.02048, 1.06615, 2.290324, 6.008832, 3.803328
278553, 64.14336, 1.06615, 2.290324, 6.008832, 3.930824
278754, 64.208896, 1.06615, 2.290324, 6.008832, 4.001792
278955, 64.335872, 1.06615, 2.290324, 6.008832, 4.129192
279165, 64.462848, 1.06615, 2.290324, 6.008832, 4.256592
279366, 64.585728, 1.06615, 2.290324, 6.008832, 4.384072
279567, 64.712704, 1.06615, 2.290324, 6.008832, 4.511496
279769, 64.843776, 1.06615, 2.290324, 6.008832, 4.638896
279970, 63.934464, 1.06615, 2.290324, 6.008832, 3.720272
280171, 64.06144, 1.06615, 2.290324, 6.008832, 3.847672
280372, 64.18432, 1.06615, 2.290324, 6.008832, 3.97512
280573, 64.315392, 1.06615, 2.290324, 6.008832, 4.102504
280775, 64.438272, 1.06615, 2.290324, 6.008832, 4.229912
280976, 64.499712, 1.06615, 2.290324, 6.008832, 4.294288
281177, 64.622592, 1.06615, 2.290324, 6.008832, 4.421664
281378, 64.75776, 1.06615, 2.290324, 6.008832, 4.5654
281578, 63.860736, 1.06615, 2.290324, 6.008832, 3.64704
281779, 63.987712, 1.06615, 2.290324, 6.008832, 3.774432
281980, 64.110592, 1.06615, 2.290324, 6.008832, 3.901856
282180, 64.237568, 1.06615, 2.290324, 6.008832, 4.029224
282381, 64.376832, 1.06615, 2.290324, 6.008832, 4.168872
282583, 64.438272, 1.06615, 2.290324, 6.008832, 4.233104
282792, 64.565248, 1.06615, 2.290324, 6.008832, 4.360184
282993, 64.688128, 1.06615, 2.290324, 6.008832, 4.487552
283193, 64.815104, 1.06615, 2.290324, 6.008832, 4.614664
283400, 63.909888, 1.06615, 2.290324, 6.008832, 3.695824
283600, 64.036864, 1.06615, 2.290324, 6.008832, 3.822936
283812, 64.159744, 1.06615, 2.290324, 6.008832, 3.950048
284013, 64.28672, 1.06615, 2.290324, 6.008832, 4.07716
284213, 64.4096, 1.06615, 2.290324, 6.008832, 4.204296
284413, 64.536576, 1.06615, 2.290324, 6.008832, 4.331416
284614, 64.659456, 1.06615, 2.290324, 6.008832, 4.458664
284838, 64.786432, 1.06615, 2.290324, 6.008832, 4.585776
285016, 63.881216, 1.06615, 2.290324, 6.008832, 3.666872
285217, 63.946752, 1.06615, 2.290324, 6.008832, 3.731104
285418, 64.069632, 1.06615, 2.290324, 6.008832, 3.85824
285618, 64.192512, 1.06615, 2.290324, 6.008832, 3.985368
285820, 64.319488, 1.06615, 2.290324, 6.008832, 4.11248
286027, 64.446464, 1.06615, 2.290324, 6.008832, 4.2398
286227, 64.602112, 1.06615, 2.290324, 6.270976, 4.389712
286434, 64.724992, 1.06615, 2.290324, 6.270976, 4.516904
286635, 64.847872, 1.06615, 2.290324, 6.270976, 4.644016
286840, 63.942656, 1.06615, 2.290324, 6.270976, 3.72536
287040, 64.004096, 1.06615, 2.290324, 6.270976, 3.789584
287239, 64.135168, 1.074342, 2.298516, 6.270976, 3.917336
287455, 64.258048, 1.074342, 2.298516, 6.270976, 4.0446
287655, 64.385024, 1.074342, 2.298516, 6.270976, 4.171704
287855, 64.507904, 1.074342, 2.298516, 6.270976, 4.298984
288056, 64.63488, 1.074342, 2.298516, 6.270976, 4.426096
288257, 64.75776, 1.074342, 2.298516, 6.270976, 4.5532
288457, 64.884736, 1.074342, 2.298516, 6.270976, 4.680296
288657, 63.97952, 1.074342, 2.298516, 6.270976, 3.762696
288865, 64.045056, 1.074342, 2.298516, 6.270976, 3.82692
289065, 64.167936, 1.074342, 2.298516, 6.270976, 3.954136
289267, 64.3072, 1.074342, 2.298516, 6.270976, 4.096464
289467, 64.438272, 1.074342, 2.298516, 6.270976, 4.223584
289668, 64.557056, 1.074342, 2.298516, 6.270976, 4.350672
289869, 64.684032, 1.074342, 2.298516, 6.270976, 4.477784
290070, 64.806912, 1.074342, 2.298516, 6.270976, 4.604872
290270, 64.937984, 1.074342, 2.298516, 6.270976, 4.731984
290471, 63.967232, 1.074342, 2.298516, 6.270976, 3.782008
290685, 64.077824, 1.074342, 2.298516, 6.270976, 3.923304
290885, 64.22528, 1.074342, 2.298516, 6.270976, 4.04744
291097, 64.34816, 1.074342, 2.298516, 6.270976, 4.171496
291296, 64.475136, 1.074342, 2.298516, 6.270976, 4.297696
291499, 64.602112, 1.074342, 2.298516, 6.270976, 4.421792
291699, 64.720896, 1.074342, 2.298516, 6.270976, 4.54584
291906, 64.843776, 1.074342, 2.298516, 6.270976, 4.669912
292108, 63.963136, 1.074342, 2.298516, 6.270976, 3.748088
292307, 64.090112, 1.074342, 2.298516, 6.270976, 3.87216
292508, 64.212992, 1.074342, 2.298516, 6.270976, 3.996256
292708, 64.331776, 1.074342, 2.298516, 6.270976, 4.120328
292915, 64.397312, 1.074342, 2.298516, 6.270976, 4.18304
293116, 64.516096, 1.074342, 2.298516, 6.270976, 4.30708
293317, 64.643072, 1.074342, 2.298516, 6.270976, 4.431152
293518, 64.761856, 1.074342, 2.298516, 6.270976, 4.55528
293719, 64.884736, 1.074342, 2.298516, 6.270976, 4.679352
293920, 63.975424, 1.074342, 2.298516, 6.270976, 3.78924
294123, 64.1024, 1.074342, 2.298516, 6.270976, 3.913312
294324, 64.221184, 1.074342, 2.298516, 6.270976, 4.037392
294526, 64.344064, 1.074342, 2.298516, 6.270976, 4.161488
294728, 64.462848, 1.074342, 2.298516, 6.270976, 4.28556
294939, 64.59392, 1.074342, 2.298516, 6.270976, 4.409656
295139, 64.65536, 1.074342, 2.298516, 6.270976, 4.47236
295348, 64.774144, 1.074342, 2.298516, 6.270976, 4.596432
295550, 64.897024, 1.074342, 2.298516, 6.270976, 4.720528
295752, 64.012288, 1.074342, 2.298516, 6.270976, 3.7988
295952, 64.139264, 1.074342, 2.298516, 6.270976, 3.922864
296153, 64.262144, 1.074342, 2.298516, 6.270976, 4.046936
296373, 64.598016, 22.046162, 23.270324, 6.270976, 4.327976
296577, 64.733184, 22.046162, 23.270324, 6.270976, 4.470888
296806, 64.917504, 33.580486, 34.80466, 6.270976, 4.653688
297006, 86.454272, 60.843462, 62.067636, 6.270976, 4.81796
297209, 90.038272, 47.211686, 48.43586, 6.270976, 4.101016
297428, 93.405184, 67.134642, 68.358804, 6.270976, 4.326976
297628, 96.120832, 27.28055, 28.504724, 6.270976, 3.666336
297830, 96.489472, 67.126582, 68.350756, 6.270976, 4.000784
298035, 104.636416, 35.669302, 36.893476, 6.270976, 3.749088
298325, 95.145984, 15.746502, 16.970676, 6.270976, 3.697688
298661, 95.66208, 69.224352, 70.448484, 6.270976, 4.123016
298956, 102.7072, 57.68983, 58.914004, 6.270976, 4.006472
299174, 111.84128, 46.154918, 47.379092, 6.270976, 3.84816
299429, 116.064256, 33.572006, 34.79618, 6.270976, 3.840552
299684, 117.428224, 26.231974, 27.456148, 7.319552, 3.643336
299940, 117.932032, 79.70935, 80.933524, 7.319552, 4.09744
300147, 123.24864, 53.49495, 54.719124, 7.319552, 3.867872
300349, 119.095296, 32.52343, 33.747604, 7.319552, 3.714848
300573, 119.27552, 72.369318, 73.593492, 7.319552, 3.998464
300819, 119.308288, 68.175014, 69.399188, 7.319552, 3.945608
301047, 119.300096, 61.883558, 63.107732, 7.319552, 3.873672
301278, 119.21408, 54.543526, 55.7677, 7.319552, 3.82788
301530, 119.304192, 49.300664, 50.52482, 7.319552, 3.82468
301767, 119.31648, 44.057766, 45.28194, 7.319552, 3.80068
301992, 119.238656, 62.932134, 64.156308, 7.319552, 3.742736
302207, 119.328768, 57.689254, 58.913428, 7.319552, 3.852216
302417, 119.283712, 62.93214, 64.156308, 7.319552, 3.887656
302620, 119.169024, 50.349222, 51.573396, 7.319552, 3.68008
302845, 123.854848, 50.349222, 51.573396, 7.319552, 3.85348
303111, 110.850048, 56.640678, 57.864852, 7.319552, 3.823248
303311, 118.23104, 46.154918, 47.379092, 9.416704, 3.89772
303517, 97.472512, 44.057814, 45.28194, 9.416704, 3.799128
303727, 108.765184, 83.903654, 85.127828, 9.416704, 4.048272
303969, 97.357824, 16.79479, 18.018964, 9.416704, 3.67668
304210, 112.951296, 16.79479, 18.018964, 9.416704, 3.677952
304414, 113.11104, 69.223608, 70.447764, 9.416704, 4.030328
304614, 113.23392, 78.660774, 79.884948, 9.416704, 4.340136
304816, 113.4592, 78.660774, 79.884948, 9.416704, 4.569784
305021, 113.680384, 78.660774, 79.884948, 9.416704, 4.800184
305222, 113.762304, 78.660774, 79.884948, 9.416704, 4.917832
305424, 114.016256, 78.660774, 79.884948, 9.416704, 5.14708
305626, 114.241536, 78.660774, 79.884948, 9.416704, 5.376584
305827, 114.466816, 78.660774, 79.884948, 9.416704, 5.606176
306028, 99.028992, 1.06615, 2.290324, 9.416704, 3.811336
306241, 99.028992, 1.06615, 2.290324, 9.416704, 4.040856
306442, 99.028992, 1.06615, 2.290324, 9.416704, 4.15612
306643, 99.180544, 1.06615, 2.290324, 9.416704, 4.3856
306844, 99.401728, 1.06615, 2.290324, 9.416704, 4.615104
307045, 99.627008, 1.06615, 2.290324, 9.416704, 4.844376
307246, 99.852288, 1.06615, 2.290324, 9.416704, 5.073888
307447, 100.073472, 1.06615, 2.290324, 9.416704, 5.303352
307653, 100.298752, 1.06615, 2.290324, 9.416704, 5.532656
307855, 100.524032, 1.06615, 2.290324, 9.416704, 5.762144
308055, 100.548608, 1.06615, 2.290324, 9.416704, 3.803064
308255, 100.548608, 1.06615, 2.290324, 9.416704, 4.032552
308456, 100.548608, 1.06615, 2.290324, 9.416704, 4.261992
308663, 100.552704, 1.06615, 2.290324, 9.416704, 4.501296
308864, 100.552704, 1.06615, 2.290324, 9.416704, 4.725512
309065, 100.552704, 1.06615, 2.290324, 9.416704, 4.949904
309265, 100.552704, 1.06615, 2.290324, 9.416704, 5.17432
309466, 100.552704, 1.06615, 2.290324, 9.416704, 5.39884
309668, 100.552704, 1.06615, 2.290324, 9.416704, 5.511768
309869, 100.552704, 1.06615, 2.290324, 9.416704, 5.736168
310069, 100.552704, 1.06615, 2.290324, 9.416704, 3.86792
310270, 100.552704, 1.06615, 2.290324, 9.416704, 4.092296
310470, 100.552704, 1.06615, 2.290324, 9.416704, 4.316776
310671, 100.552704, 1.06615, 2.290324, 9.416704, 4.541256
310874, 100.552704, 1.06615, 2.290324, 9.416704, 4.765656
311076, 100.51584, 1.06615, 2.290324, 9.416704, 4.8798
311276, 100.5568, 1.06615, 2.290324, 9.416704, 5.104272
311476, 100.5568, 1.06615, 2.290324, 9.416704, 5.328688
311677, 100.5568, 1.06615, 2.290324, 9.416704, 5.553056
311879, 100.519936, 1.06615, 2.290324, 9.416704, 5.797384
312079, 100.5568, 1.06615, 2.290324, 9.416704, 3.928536
312280, 100.5568, 1.06615, 2.290324, 9.416704, 4.041648
312481, 100.5568, 1.06615, 2.290324, 9.416704, 4.266016
312681, 100.5568, 1.06615, 2.290324, 9.416704, 4.490464
312883, 100.5568, 1.06615, 2.290324, 9.416704, 4.71488
313089, 100.5568, 1.06615, 2.290324, 9.416704, 4.939288
313289, 100.5568, 1.06615, 2.290324, 9.416704, 5.163792
313490, 100.5568, 1.06615, 2.290324, 9.416704, 5.388168
313691, 100.5568, 1.06615, 2.290324, 9.416704, 5.612536
313893, 100.5568, 1.06615, 2.290324, 9.416704, 5.836968
314093, 100.5568, 1.06615, 2.290324, 9.416704, 3.856344
314294, 100.5568, 1.06615, 2.290324, 9.416704, 4.080952
314494, 100.5568, 1.06615, 2.290324, 9.416704, 4.30532
314694, 100.560896, 1.074342, 2.298516, 9.416704, 4.53032
314894, 100.560896, 1.074342, 2.298516, 9.416704, 4.7548
315095, 100.560896, 1.074342, 2.298516, 9.416704, 4.979224
315299, 100.560896, 1.074342, 2.298516, 9.416704, 5.092152
315499, 100.560896, 1.074342, 2.298516, 9.416704, 5.316648
315699, 100.560896, 1.074342, 2.298516, 9.416704, 5.541096
315907, 100.560896, 1.074342, 2.298516, 9.416704, 5.76552
316107, 100.560896, 1.074342, 2.298516, 9.416704, 3.928176
316313, 100.560896, 1.074342, 2.298516, 9.416704, 4.152568
316514, 100.560896, 1.074342, 2.298516, 9.416704, 4.377048
316714, 100.560896, 1.074342, 2.298516, 9.416704, 4.489832
316915, 100.560896, 1.074342, 2.298516, 9.416704, 4.714312
317115, 100.560896, 1.074342, 2.298516, 9.416704, 4.938912
317316, 100.564992, 1.074342, 2.298516, 9.416704, 5.165104
317517, 100.564992, 1.074342, 2.298516, 9.416704, 5.389512
317718, 100.564992, 1.074342, 2.298516, 9.416704, 5.613936
317918, 100.564992, 1.074342, 2.298516, 9.416704, 5.838384
318125, 100.564992, 1.074342, 2.298516, 9.416704, 4.00124
318329, 100.564992, 1.074342, 2.298516, 9.416704, 4.114304
318533, 100.519936, 1.074342, 2.298516, 9.416704, 4.343928
318735, 100.564992, 1.074342, 2.298516, 9.416704, 4.56832
318936, 100.564992, 1.074342, 2.298516, 9.416704, 4.792912
319136, 100.564992, 1.074342, 2.298516, 9.416704, 5.017288
319337, 100.564992, 1.074342, 2.298516, 9.416704, 5.241728
319539, 100.564992, 1.074342, 2.298516, 9.416704, 5.354512
319740, 100.564992, 1.074342, 2.298516, 9.416704, 5.578912
319941, 100.564992, 1.074342, 2.298516, 9.416704, 5.803424
320142, 100.564992, 1.074342, 2.298516, 9.416704, 3.935232
320343, 100.564992, 1.074342, 2.298516, 9.416704, 4.159616
320545, 100.564992, 1.074342, 2.298516, 9.416704, 4.383992
320757, 100.564992, 1.074342, 2.298516, 9.416704, 4.49692
320958, 100.564992, 1.074342, 2.298516, 9.416704, 4.721336
321167, 100.564992, 1.074342, 2.298516, 9.416704, 4.945784
321368, 100.564992, 1.074342, 2.298516, 9.416704, 5.170272
321567, 100.560896, 1.074342, 2.298516, 9.416704, 5.395304
321768, 100.564992, 1.074342, 2.298516, 9.416704, 5.619816
321969, 100.564992, 1.074342, 2.298516, 9.416704, 5.732624
322172, 100.564992, 1.074342, 2.298516, 9.416704, 5.957
322373, 100.564992, 1.074342, 2.298516, 9.416704, 4.119552
322574, 100.564992, 1.074342, 2.298516, 9.416704, 4.343944
322776, 100.564992, 1.074342, 2.298516, 9.416704, 4.568352
322977, 100.564992, 1.074342, 2.298516, 9.416704, 4.792736
323183, 100.564992, 1.074342, 2.298516, 9.416704, 5.017264
323383, 100.564992, 1.074342, 2.298516, 9.416704, 5.130192
323593, 100.564992, 1.074342, 2.298516, 9.416704, 5.354688
323794, 100.564992, 1.074342, 2.298516, 9.416704, 5.579128
323994, 100.564992, 1.074342, 2.298516, 9.416704, 5.803592
324194, 100.564992, 1.074342, 2.298516, 9.416704, 3.934768
324395, 100.564992, 1.074342, 2.298516, 9.416704, 4.159656
324608, 100.564992, 1.074342, 2.298516, 9.416704, 4.384512
324818, 100.564992, 1.074342, 2.298516, 9.416704, 4.609504
325019, 100.564992, 1.074342, 2.298516, 9.416704, 4.722528
325225, 100.655104, 10.511676, 11.735844, 9.416704, 4.967968
325427, 100.6592, 12.608828, 13.832996, 9.416704, 5.092056
325631, 100.6592, 13.657398, 14.881572, 9.416704, 5.326712
325832, 100.6592, 28.337468, 29.561636, 9.416704, 5.485968
326033, 100.6592, 37.774652, 38.99882, 9.416704, 5.629816
326330, 100.6592, 50.357564, 51.581732, 9.416704, 5.898872
326543, 100.6592, 50.357564, 51.581732, 9.416704, 6.022424
326771, 97.521664, 3.1715, 4.395668, 6.53312, 4.0696
326973, 97.521664, 3.1715, 4.395668, 6.53312, 4.186304
327204, 97.52576, 3.1715, 4.395668, 6.53312, 4.418144
327404, 97.52576, 3.1715, 4.395668, 6.53312, 4.534872
327605, 97.529856, 3.1715, 4.395668, 6.53312, 4.779768
327805, 97.529856, 3.1715, 4.395668, 6.53312, 5.018592
328006, 96.78848, 18.90029, 20.124452, 6.53312, 4.315952
328207, 97.062912, 66.086342, 67.310516, 6.53312, 4.591952
328419, 111.14496, 12.600504, 13.82466, 6.53312, 3.960304
328619, 111.312896, 12.600504, 13.82466, 6.53312, 4.109464
328821, 111.652864, 24.134984, 25.35914, 6.53312, 4.442288
329106, 97.746944, 12.60063, 13.824804, 7.581696, 3.996192
329314, 102.8096, 79.709794, 80.933956, 7.581696, 4.380656
329520, 107.552768, 22.037724, 23.261844, 7.581696, 4.188256
329727, 107.565056, 22.037724, 23.261844, 7.581696, 4.475512
329933, 107.597824, 63.981292, 65.20546, 7.581696, 4.765968
330208, 109.580288, 27.282998, 28.507172, 7.581696, 4.118184
330775, 121.2416, 90.195116, 91.419284, 7.581696, 4.42672
331021, 135.94624, 82.855084, 84.079252, 9.678848, 4.390624
331235, 138.05568, 70.272166, 71.49634, 9.678848, 4.353424
331474, 130.809856, 92.292262, 93.516436, 9.678848, 4.093352
331805, 134.987776, 101.729554, 102.95362, 9.678848, 4.367952
332069, 139.186176, 96.486572, 97.71074, 9.678848, 4.258528
332273, 155.97568, 67.126438, 68.350612, 9.678848, 4.263864
332515, 139.18208, 90.19511, 91.419284, 9.678848, 4.048136
332715, 140.16512, 79.709476, 80.933524, 9.678848, 4.066256
332962, 140.111872, 110.118114, 50.52482, 9.678848, 3.911528
333234, 139.20256, 110.118054, 111.342228, 9.678848, 4.58756
333508, 137.68704, 43.00919, 44.233364, 9.678848, 3.962544
333740, 116.174848, 70.272286, 71.49634, 9.678848, 3.981328
333958, 142.979072, 114.312412, 115.536532, 9.678848, 4.364456
334215, 158.941184, 89.14654, 90.370708, 9.678848, 4.079544
334493, 121.48736, 69.22359, 70.447764, 9.678848, 4.294768
334732, 138.170368, 82.855168, 84.079252, 9.678848, 4.325208
335043, 127.844352, 84.952236, 86.176404, 9.678848, 4.290184
335344, 150.761472, 81.806502, 83.030676, 9.678848, 4.349208
335544, 127.799296, 71.320742, 72.544916, 9.678848, 4.315816
335750, 136.093696, 84.952362, 86.176404, 9.678848, 4.324344
336060, 139.206656, 80.757992, 81.9821, 9.678848, 4.295344
336326, 153.9072, 77.612198, 78.836372, 9.678848, 4.38016
336531, 120.516608, 91.243698, 92.46786, 9.678848, 4.414448
336761, 132.952064, 89.14666, 90.370708, 9.678848, 4.361232
337114, 139.272192, 86.000806, 87.22498, 9.678848, 4.300112
337362, 149.622784, 82.855078, 84.079252, 9.678848, 4.13636
337674, 100.409344, 71.320742, 72.544916, 9.678848, 4.312808
338009, 137.187328, 86.000806, 87.22498, 9.678848, 4.341456
338225, 151.744512, 52.446374, 53.670548, 9.678848, 4.059144
338470, 137.109504, 63.98071, 65.204884, 9.678848, 4.088912
338789, 132.968448, 48.25207, 49.476244, 9.678848, 4.290832
339056, 135.08608, 87.049382, 88.273556, 9.678848, 4.40384
339287, 98.516992, 69.22359, 70.447764, 9.678848, 4.345088
339576, 135.45472, 80.757926, 81.9821, 9.678848, 4.376512
339910, 136.64256, 95.438026, 96.662164, 9.678848, 4.458304
340159, 132.980736, 84.95223, 86.176404, 9.678848, 4.411496
340407, 139.272192, 92.292262, 93.516436, 9.678848, 4.415272
340609, 126.849024, 73.4179, 74.642068, 9.678848, 4.42408
340930, 134.049792, 91.243686, 92.46786, 9.678848, 4.41888
341187, 153.964544, 72.369318, 73.593492, 9.678848, 4.401464
341404, 132.07552, 74.46647, 75.690644, 9.678848, 4.432128
341607, 129.994752, 95.438133, 96.662164, 9.678848, 4.502872
341863, 108.388352, 80.75795, 81.9821, 9.678848, 4.384096
342063, 149.864448, 122.700966, 123.92514, 9.678848, 4.727824
342395, 122.417152, 37.76631, 38.990484, 9.678848, 4.050504
342613, 122.6752, 92.292262, 93.516436, 9.678848, 4.464952
342857, 126.738432, 66.077862, 67.302036, 9.678848, 4.421184
343073, 98.598912, 28.329126, 29.5533, 13.873152, 4.07404
343275, 98.69312, 67.126443, 68.350612, 13.873152, 4.72372
343502, 99.1232, 67.126438, 68.350612, 13.873152, 5.16172
343701, 99.328, 67.126438, 68.350612, 13.873152, 5.37512
343902, 99.749888, 67.126438, 68.350612, 13.873152, 5.800272
344103, 100.179968, 67.13463, 68.358804, 13.873152, 6.225824
344315, 100.446208, 67.13463, 68.358804, 13.873152, 6.652768
344516, 100.716544, 67.13463, 68.358804, 13.873152, 6.865856
344717, 101.134336, 67.13463, 68.358804, 13.873152, 7.291096
344918, 101.548032, 67.13463, 68.358804, 13.873152, 7.716408
